id,first_name,last_name,position,affiliation,page_type,url
88,In Song,Kim,,,HOME,https://web.mit.edu/insong/www/
88,In Song,Kim,,,RES,https://web.mit.edu/insong/www/research/research.html
120,Nobuhiro,Kiyotaki,,,HOME,https://www.princeton.edu/~kiyotaki/
93,Heike,Klüver,,,HOME,https://heike-kluever.com/
93,Heike,Klüver,,,PUB,https://heike-kluever.com/publications/
93,Heike,Klüver,,,WP,https://heike-kluever.com/workingpapers/
70,S.,Kohl,,,HOME,https://www.sebastiankohl.com/
70,S.,Kohl,,,PUB,https://www.sebastiankohl.com/publications
70,S.,Kohl,,,RES,https://www.sebastiankohl.com/research-project
163,Johannes,König,,,HOME,https://sites.google.com/view/johanneskoenig/home
163,Johannes,König,,,RES,https://sites.google.com/view/johanneskoenig/research
131,John,Leahy,,,RES,https://sites.google.com/umich.edu/johnleahy/home/research
117,Simone,Lenzu,,,HOME,https://pages.stern.nyu.edu/~slenzu/
90,Jieun,Lee,,,HOME,https://www.lee-jieun.com/
90,Jieun,Lee,,,RES,https://www.lee-jieun.com/research
,Pinjas,Albagli,PhD,London School of Economics,HOME,https://palbagli.github.io/
,Ignacio,Banares Sanchez,PhD,London School of Economics,HOME,https://ignaciobanares.com/
,Lisa,Beihy Pacheco,PhD,London School of Economics,HOME,https://lisabeihypacheco.github.io/
,Shania,Bhalotia,PhD,London School of Economics,HOME,https://www.shaniabhalotia.com/
,Adrien,Couturier,PhD,London School of Economics,HOME,https://adriencouturier.com/
,Zhiyao,Deng,PhD,London School of Economics,HOME,https://sites.google.com/view/zhiyaodeng/home
,Sitong,Ding,PhD,London School of Economics,HOME,https://www.sitongding.com/
,Miguel,Fajardo Steinhäuser,PhD,London School of Economics,HOME,https://sites.google.com/view/mfajardo-steinhauser/home
,Marta,Guasch Rusiñol,PhD,London School of Economics,HOME,https://sites.google.com/view/martaguasch-rusinol/
,Nilmini,Herath,PhD,London School of Economics,HOME,https://nilminiherath.com/
,Stephan,Hobler,PhD,London School of Economics,HOME,https://sjhobler.github.io/
,Amen,Jalal,PhD,London School of Economics,HOME,https://amenjalal.com/
,Ananya,Kotia,PhD,London School of Economics,HOME,https://ananyakotia.com/
,Johannes,Matt,PhD,London School of Economics,HOME,https://www.johannesmatt.com/
,Roberto-Rafael,Maura-Rivero,PhD,London School of Economics,HOME,https://sites.google.com/view/rrmaura/home
,Tatiana,Pazem,PhD,London School of Economics,HOME,https://sites.google.com/view/tatianapazem/home
,Yuhao,Qian,PhD,London School of Economics,HOME,https://www.yuhaoqian.com/
,Soroush,Sabet,PhD,London School of Economics,HOME,https://ssabet.github.io/
,Callum,Shaw,PhD,London School of Economics,HOME,https://callum681.github.io/
,Caterina,Soto Vieira,PhD,London School of Economics,HOME,https://www.caterinasotovieira.com/home
,Meng,Su,PhD,London School of Economics,HOME,https://sites.google.com/view/mengsu/home
,Peter,Ward-Griffin,PhD,London School of Economics,RES,https://sites.google.com/view/peterwardgriffin/research
,Lukas,Wiedemann,PhD,London School of Economics,HOME,https://sites.google.com/view/lukaswiedemann/
,Sarah,Winton,PhD,London School of Economics,HOME,https://www.sarah-winton.com/
,Linchuan,Xu,PhD,London School of Economics,HOME,https://www.linchuanxu.com/
,Yuanhang,Yu,PhD,London School of Economics,HOME,https://sites.google.com/view/yuanhang-leo-yu/home
,Lucile,Dehouck,PhD,Paris School of Economics,HOME,https://sites.google.com/view/luciledehouck/accueil
,Enrichetta,Giurickovic,PhD,Paris School of Economics,HOME,https://sites.google.com/view/enrichettagiurickovic/home
,Laure,Goursat,PhD,Paris School of Economics,HOME,https://sites.google.com/view/lauregoursat/home
,Louis-Marie,Harpedanne de Belleville,PhD,Paris School of Economics,HOME,https://sites.google.com/view/harpedanne
,Donia,Kamel,PhD,Paris School of Economics,HOME,https://www.doniakamel.com/
,Rosanne,Logeart,PhD,Paris School of Economics,HOME,https://rosannelogeart.github.io/
,Artur,Obminski,PhD,Paris School of Economics,HOME,https://arturobminski.com/
,Yann,Perdereau,PhD,Paris School of Economics,HOME,https://yannperdereau.github.io/
,Victor,Saldarriaga,PhD,Paris School of Economics,HOME,https://sites.google.com/view/victor-saldarriaga
,Maëlle,Stricot,PhD,Paris School of Economics,HOME,https://sites.google.com/view/maelle-stricot/home
,Desislava,Tartova,PhD,Paris School of Economics,HOME,https://desislavatartova.github.io/
,Giacomo,Weber,PhD,Paris School of Economics,HOME,https://sites.google.com/view/giacomoweber/home
,Elena,Aguilar,PhD,Princeton University,HOME,https://www.elena-aguilar.net/
,Narek,Alexanian,PhD,Princeton University,HOME,https://sites.google.com/princeton.edu/narek-alexanian/about
,Mark,Bamba,PhD,Princeton University,HOME,https://www.markbamba.com/
,Marcelo,Barbosa Ferreira,PhD,Princeton University,HOME,https://www.marcelof.com/
,Christine,Blandhol,PhD,Princeton University,HOME,https://www.christineblandhol.com/
,Anshu,Chen,PhD,Princeton University,HOME,https://sites.google.com/view/anshuchen/home
,Pier Paolo,Creanza,PhD,Princeton University,HOME,https://www.ppcreanza.com/
,Richard,De Thorpe,PhD,Princeton University,HOME,https://richarddethorpe.com/
,Sebastian,Guarda,PhD,Princeton University,HOME,https://www.sebastianguarda.com/
,Nicolas,Hommel,PhD,Princeton University,HOME,https://www.nicolashommel.com/
,Michael,Jenuwine,PhD,Princeton University,HOME,https://www.michaeljenuwine.com/
,Yuyang,Jiang,PhD,Princeton University,HOME,https://yuyang-j.github.io/
,Jiwon,Lee,PhD,Princeton University,HOME,https://sites.google.com/princeton.edu/jiwonlee
,Casey,McQuillan,PhD,Princeton University,HOME,https://casey-mcquillan.github.io/
,Eugenia,Menaguale,PhD,Princeton University,HOME,https://eumena.github.io/
,Eric,Qian,PhD,Princeton University,HOME,https://www.eric-qian.com/
,Yinan,Qiu,PhD,Princeton University,HOME,https://yinan-qiu.github.io/
,Kim,Sarnoff,PhD,Princeton University,HOME,https://ksarnoff.github.io/
,Jesse,Silbert,PhD,Princeton University,HOME,https://jesse-silbert.github.io/
,So Hye,Yoon,PhD,Princeton University,HOME,https://www.sohyeyoon.com/
,Ziqiao,Zhang,PhD,Princeton University,HOME,https://ziqiaozhang.weebly.com/
,Julia,Baumann,PhD,Berlin School of Economics,HOME,https://sites.google.com/view/julia-baumann/home
,Gökhan,Ider,PhD,Berlin School of Economics,HOME,https://sites.google.com/view/gokhanider
,Frederik,Kurcz,PhD,Berlin School of Economics,HOME,https://frederikkurcz.github.io/
,Hedda,Nielsen,PhD,Berlin School of Economics,HOME,https://sites.google.com/view/heddanielsen
,Clara,Schäper,PhD,Berlin School of Economics,HOME,https://sites.google.com/view/clara-schaeper/home
,Vanessa,Schmidt,PhD,Berlin School of Economics,HOME,https://vanessa-schmidt.com/
,Bruno,Veltri,PhD,Berlin School of Economics,HOME,https://brunoveltri.github.io/
,Katrin,Huber,Post-Doc,Berlin School of Economics,HOME,https://www.katrin-huber-econ.de/
,Shushanik,Margaryan,Post-Doc,Berlin School of Economics,HOME,https://shushanm.github.io/
,Giuseppe,Pulito,Post-Doc,Berlin School of Economics,HOME,https://sites.google.com/view/giuseppepulito/home
,Li,Zhang,Post-Doc,Berlin School of Economics,HOME,https://lizhangecon.github.io/
86,Rui,Mano,Other,International Monetary Fund,HOME,https://sites.google.com/site/ruimano/home
124,Joseba,Martinez,Ass. Professor,London Business School,HOME,https://www.josebamartinez.me/index.html
154,Peter Hans,Matthews,Professor,Middlebury College,HOME,https://sites.google.com/middlebury.edu/peter-hans-matthews/bio
146,Lukas,Menkhoff,Professor,Humboldt-Universität zu Berlin / DIW Berlin,HOME,https://sites.google.com/view/lukas-menkhoff/
48,L.,Merlino,Professor,ECARES / Université libre de Bruxelles,HOME,https://sites.google.com/site/lucamerlino/home
71,Thomas,Mertens,Other,Federal Reserve Bank of San Francisco,HOME,https://sites.google.com/site/thomasmichaelmertens/home
133,Rohini,Pande,Professor,Yale University,HOME,https://campuspress.yale.edu/rpande/
133,Rohini,Pande,Professor,Yale University,PUB,https://campuspress.yale.edu/rpande/research/publications/
133,Rohini,Pande,Professor,Yale University,WP,https://campuspress.yale.edu/rpande/research/working-papers/
62,Eleonora,Patacchini,Professor,Cornell University,HOME,https://www.epatacchini.com/
62,Eleonora,Patacchini,Professor,Cornell University,PUB,https://www.epatacchini.com/published-papers
69,Christopher,Prömel,Post-Doc,Freie Universität Berlin,HOME,https://sites.google.com/view/christopherproemel/home
69,Christopher,Prömel,Post-Doc,Freie Universität Berlin,RES,https://sites.google.com/view/christopherproemel/research
127,Albert,Queralto,Other,Federal Reserve Board,HOME,https://www.albertqueralto.com/
127,Albert,Queralto,Other,Federal Reserve Board,RES,https://www.albertqueralto.com/research
85,Aakaash,Rao,PhD,Harvard University,HOME,https://aakaashrao.github.io/
74,Pascual,Restrepo,Professor,Yale University,HOME,https://campuspress.yale.edu/pascualrestrepo/
68,P.,Rosenbaum,Ass. Professor,Copenhagen Business School,HOME,https://sites.google.com/site/philrosenbaum/
138,Jens,Ruhose,Professor,Kiel University,HOME,https://sites.google.com/site/jensruhose/
134,Nicholas,Ryan,Professor,Yale University,HOME,https://campuspress.yale.edu/nicholasryan/
130,Luca,Sala,Professor,Università Bocconi,HOME,https://sites.google.com/view/luca-sala
165,Christian,Schluter,Professor,Aix Marseille School of Economics,HOME,https://christianschluter.github.io/
83,Jesse,Schreger,Professor,Columbia Business School,HOME,https://sites.google.com/view/jschreger/home
82,Markus,Schwedeler,Other,NL Analytics,HOME,https://mschwedeler.github.io/
111,Ingrid,Semb,Other,Statistics Norway,HOME,https://sites.google.com/view/ingrid-mikkelsen-semb
103,Maria,Silfa,Ass. Professor,Ohio State University,HOME,https://www.mariasilfa.com/
52,Luca,Stella,Professor,University of Milan,HOME,https://www.lucastella.eu/
129,Lars,Svensson,Professor,Stockholm School of Economics,HOME,https://larseosvensson.se/
118,Joris,Tielens,Other,National Bank of Belgium,HOME,https://sites.google.com/view/joris-tielens
116,Antonella,Trigari,Professor,Bocconi University,HOME,https://sites.google.com/view/antonellatrigari
81,Laurence,van Lent,Professor,Frankfurt School of Finance and Management,HOME,https://sites.google.com/view/laurence-van-lent/welcome-and-news
47,Simon,Voss,PhD,Freie Universität Berlin,HOME,https://sites.google.com/view/simonvoss/home
72,Jingye,Wang,Ass. Professor,Renmin University of China,HOME,https://jingyew.github.io/
96,Timothy,Werner,Professor,University of Texas at Austin,HOME,https://timothywerner.com
49,Liam,Wren-Lewis,Professor,Paris School of Economics / INRAE,HOME,https://sites.google.com/site/liamwrenlewis/Home
104,Hye Young,You,Professor,Princeton University,HOME,https://hyeyoungyou.com/
57,Maurizio,Zanardi,Professor,University of Sussex,HOME,https://sites.google.com/view/mauriziozanardi/
75,Tony,Zhang,Professor,Arizona State University,HOME,https://sites.google.com/view/tzhang0/home
,Marium,Ashfaq,PhD,University of Cambridge,HOME,https://sites.google.com/view/mariumashfaq/about?authuser=0
,Deniz,Atalar,PhD,University of Cambridge,HOME,https://www.denizatalar.com/
,Ana,Lleó-Bono,PhD,University of Cambridge,HOME,https://sites.google.com/view/analleobono
,Charles,Parry,PhD,University of Cambridge,HOME,https://sites.google.com/view/charles-parry
,Sarah Rose,Taylor,PhD,University of Cambridge,HOME,https://srtaylor.com/
,Zhaocheng,Zhang,PhD,University of Cambridge,HOME,https://zhaocheng-zhang.github.io/
,Yifan,Zhang,PhD,University of Cambridge,HOME,https://sites.google.com/view/yifanzhangecon
,Patrick,Allmis,Post-Doc,University of Cambridge,HOME,https://www.patrickallmis.com/
,Seda,Basihos,Post-Doc,University of Cambridge,HOME,https://www.sedabasihos.com/
,Jerome,Simons,Post-Doc,University of Cambridge,HOME,https://www.jeromesimons.com/
,Afonso,Rodrigues,PhD,University of Oxford,HOME,https://sites.google.com/view/afonso-rodrigues/about?authuser=0
,Chenchuan,Shi,PhD,University of Oxford,HOME,https://sites.google.com/view/chenchuan-shi
,Eszter,Kabos,PhD,University of Oxford,HOME,https://www.ekabos.com/
,Giulio,Gottardo,PhD,University of Oxford,HOME,https://sites.google.com/view/giulio-gottardo/
,Giulio,Schinaia,PhD,University of Oxford,HOME,https://gschinaia.github.io/
,Hannah,Römer,PhD,University of Oxford,HOME,https://www.hannahroemer.com/home
,Jonas Kai,Kurle,PhD,University of Oxford,HOME,https://jonaskurle.com
,Karthik Abhiramapuram,Sridhar,PhD,University of Oxford,HOME,https://www.asknarayan.com
,Lidia,Smitkova,PhD,University of Oxford,HOME,https://lidiasmitkova.com/
,Lukas,Boehnert,PhD,University of Oxford,HOME,https://www.lukasboehnert.com/
,Marco,Garofalo,PhD,University of Oxford,HOME,https://sites.google.com/view/marco-garofalo/home
,Mathias Fjællegaard,Jensen,PhD,University of Oxford,HOME,https://fjaellegaard.com/
,Max,Marczinek,PhD,University of Oxford,HOME,https://sites.google.com/view/maxmarczinek
,Sarah,Duffy,PhD,University of Oxford,HOME,https://sarahwduffy.github.io
,Timothy,Hunt,PhD,University of Oxford,HOME,https://timothywhunt.github.io/
,Tobias,Kawalec,PhD,University of Oxford,HOME,https://tobiaskawalec.com/
,Zhao,Dong,PhD,University of Oxford,HOME,https://zhaodong77777.github.io/
,Rustam,Jamilov,Post-Doc,University of Oxford,HOME,https://www.rustamjamilov.com/
,Shaheen,Naseer,Post-Doc,University of Oxford,HOME,https://www.shaheennaseer.com
,Maria Jose,Arteaga-Garavito,PhD,Bocconi University,HOME,https://majoarteaga.github.io/
,Matteo,Cremonini,PhD,Bocconi University,HOME,https://sites.google.com/view/matteo-cremonini
,Geraud,Desazars de Montgailhard,PhD,Bocconi University,HOME,https://sites.google.com/view/gerauddesazars
,Rubén,Fernandez Fuertes,PhD,Bocconi University,HOME,https://rubenfernandezfuertes.com/
,Nicola Maria,Fiore,PhD,Bocconi University,HOME,https://sites.google.com/view/nicola-maria-fiore/home
,Felix,Gerding,PhD,Bocconi University,HOME,https://sites.google.com/view/felix-gerding/home
,Alberto,Nasi,PhD,Bocconi University,HOME,https://albnasi.github.io/
,Adriano,Salerno,PhD,Bocconi University,HOME,https://www.adriano-salerno.com/
,Enrico,Stivella,PhD,Bocconi University,HOME,https://enrico-stivella.netlify.app/
,Ivan Jomin,Kim Taveras,PhD,Bocconi University,HOME,https://ivankimtaveras.github.io/
,Katarina,Kuske,PhD,Bocconi University,HOME,https://sites.google.com/view/katarinakuske/
,Ayah,Bohsali,PhD,Barcelona School of Economics,HOME,https://ayahbohsali.github.io/
,Pia,Ennuschat,PhD,Barcelona School of Economics,HOME,https://www.piaennuschat.com/
,Nathan,Jones,PhD,Barcelona School of Economics,HOME,https://nathan-jones.net/
,Manuel,Lleonart,PhD,Barcelona School of Economics,HOME,https://mallean.github.io/ManuelLleonart/
,Raquel,Lorenzo,PhD,Barcelona School of Economics,HOME,https://www.raquel-lorenzo.com/
,Luis,Menéndez,PhD,Barcelona School of Economics,HOME,https://luisignaciomenendez.github.io/
,Elliot,Motte,PhD,Barcelona School of Economics,HOME,https://elliot-motte.github.io/
,Alejandro,Rabano,PhD,Barcelona School of Economics,HOME,https://sites.google.com/view/alejandrorabano/
,Yaping,Wang,PhD,Barcelona School of Economics,HOME,https://yapingw.github.io/
,Martin,Wiegand,PhD,Barcelona School of Economics,HOME,https://m-wiegand.github.io/
,Robert,Wojciechowski,PhD,Barcelona School of Economics,HOME,https://robertwojciechowski.github.io/
,Simone,Zanella,PhD,Barcelona School of Economics,HOME,https://sites.google.com/view/simonezanellacavallero
,Assaf,Abraham,PhD,University of Mannheim,HOME,https://sites.google.com/view/assafyabraham/home
,Ursula,Berresheim,PhD,University of Mannheim,HOME,https://sites.google.com/view/ursula-berresheim
,Argun,Hild,PhD,University of Mannheim,HOME,https://argunhild.github.io/
,Michael,Hilweg-Waldeck,PhD,University of Mannheim,HOME,https://mhilweg.github.io/
,Marina,Hoch,PhD,University of Mannheim,HOME,https://sites.google.com/view/marinahoch/
,Daniel,Linnenbrink,PhD,University of Mannheim,HOME,https://sites.google.com/view/daniellinnenbrink/
,Siyu,Zhang,PhD,University of Mannheim,HOME,https://siyu94.github.io/
,Theodore,Caputi,PhD,Massachusetts Institute of Technology,HOME,https://www.theodorecaputi.com
,Anne,Carlstein,PhD,Massachusetts Institute of Technology,HOME,https://sites.google.com/view/anne-carlstein
,Alex,Carrasco,PhD,Massachusetts Institute of Technology,HOME,https://alex-carrasco.com
,Isabel,Di Tella,PhD,Massachusetts Institute of Technology,HOME,https://iditella.github.io/
,Raymond,Han,PhD,Massachusetts Institute of Technology,HOME,https://raymondwhan.github.io/
,Nathaniel,Hickok,PhD,Massachusetts Institute of Technology,HOME,https://nathanielhickok.com
,Andrew,Koh,PhD,Massachusetts Institute of Technology,HOME,https://www.andrewjkoh.com
,Pedro,Martinez-Bruera,PhD,Massachusetts Institute of Technology,HOME,https://www.pmbruera.com/
,Aroon,Narayanan,PhD,Massachusetts Institute of Technology,HOME,https://www.aroon.cc
,Vishan,Nigam,PhD,Massachusetts Institute of Technology,HOME,https://vishannigam.com/
,Kailash,Rajah,PhD,Massachusetts Institute of Technology,HOME,https://kailashrajah.com/
,Vincent,Rollet,PhD,Massachusetts Institute of Technology,HOME,https://www.vincent-rollet.com
,Reca,Sarfati,PhD,Massachusetts Institute of Technology,HOME,https://recasarfati.com/
,Nagisa,Tadjfar,PhD,Massachusetts Institute of Technology,HOME,https://nagisatadjfar.github.io
,Ishaana,Talesara,PhD,Massachusetts Institute of Technology,HOME,https://ishaanatalesara.github.io
,Kartik,Vira,PhD,Massachusetts Institute of Technology,HOME,https://www.kartikvira.com
,Arthur,Wickard,PhD,Massachusetts Institute of Technology,HOME,https://sites.google.com/view/arthurwickard
,Sejal,Aggarwal,PhD,Harvard University,HOME,https://aggarwalsejal.com/
,Victoria,Angelova,PhD,Harvard University,HOME,https://sites.google.com/view/victoriaangelova
,Sage,Belz,PhD,Harvard University,HOME,https://sage-belz.github.io/
,Lindsey,Currier,PhD,Harvard University,HOME,https://lcurrier.github.io/
,Andres,de Loera,PhD,Harvard University,HOME,https://www.andresdeloera.com
,Bnaya,Dreyfuss,PhD,Harvard University,HOME,https://b3fuss.github.io/
,Tilman,Graff,PhD,Harvard University,HOME,https://tilmangraff.github.io/
,Ruru,Hoong,PhD,Harvard University,HOME,https://www.ruruhoong.com
,Justin,Katz,PhD,Harvard University,HOME,https://jdikatz.github.io/
,Bas,Sanders,PhD,Harvard University,HOME,https://sandersbas.github.io/
,Shreya,Tandon,PhD,Harvard University,HOME,https://sites.google.com/view/shreya-tandon/
,Jennifer,Zou,PhD,Harvard University,HOME,https://jen-zou.github.io/
,Mohamad,Adhami,PhD,Stanford University,HOME,https://adhami.people.stanford.edu/
,Adrian,Blattner,PhD,Stanford University,HOME,https://www.adrianblattner.com/
,John,Bonney,PhD,Stanford University,HOME,https://www.johnbonney.com
,Lea,Bottmer,PhD,Stanford University,HOME,https://sites.google.com/stanford.edu/lbottmer/
,Lautaro,Chittaro,PhD,Stanford University,HOME,https://lautarochittaro.github.io
,Ben,Davies,PhD,Stanford University,HOME,https://bldavies.com
,Dante,Domenella,PhD,Stanford University,HOME,https://sites.google.com/view/ddomenella/
,Nick,Grasley,PhD,Stanford University,HOME,https://nickgrasley.github.io/
,Mariana,Guido,PhD,Stanford University,HOME,https://marianaguido.github.io
,Jonathan,Hartley,PhD,Stanford University,HOME,https://www.jonathanhartley.net/
,Florencia,Hnilo,PhD,Stanford University,HOME,https://www.florenciahnilo.com/
,Katja,Hofmann,PhD,Stanford University,HOME,https://ktjhofmann.github.io
,Zong,Huang,PhD,Stanford University,HOME,https://z-y-huang.github.io
,Helen,Kissel,PhD,Stanford University,HOME,https://www.helenkissel.com/
,Akhila,Kovvuri,PhD,Stanford University,HOME,https://www.akhilakovvuri.com/
,Bing,Liu,PhD,Stanford University,HOME,https://bingliu723.github.io
,Brendan,Moore,PhD,Stanford University,HOME,https://www.bmooreeconomics.com/
,Spencer,Pantoja,PhD,Stanford University,HOME,https://spantoja.com
,Anirudh,Sankar,PhD,Stanford University,HOME,https://sites.google.com/view/anirudh-sankar
,Marcelo,Sena,PhD,Stanford University,HOME,https://marcelosena.github.io/
,Jason,Weitze,PhD,Stanford University,HOME,https://jweitze.github.io/
,Qiyi,Zhao,PhD,Stanford University,HOME,https://sites.google.com/view/qiyizhao/home
,Evan,Flack,PhD,Stanford University,HOME,https://evanflack.com/
,Alexia,Olaizola,PhD,Stanford University,HOME,https://www.alexiaolaizola.com/
,Daliah,Al-Shakhshir,PhD,Stanford University,HOME,https://sites.google.com/view/dalshakhshir
,Cindy,Chung,PhD,Stanford University,HOME,https://sites.google.com/view/cindychung
,Natalie,Millar,PhD,Stanford University,HOME,https://www.nataliemillar.net/
,Victor,Degorce,Post-Doc,Princeton University,HOME,https://sites.google.com/princeton.edu/victordegorce
,Agata,Farina,Post-Doc,Princeton University,HOME,https://www.agatafarina.com/
,Davide,Bordoli,PhD,Yale University,HOME,https://davidebordoli.github.io/
,Jingyi,Cui,PhD,Yale University,HOME,https://jingyi-cui.github.io/
,Tianyu,Fan,PhD,Yale University,HOME,https://www.tianyu-fan.com/
,Samuel,Ho,PhD,Yale University,HOME,https://sites.google.com/view/samuel-ho/
,Ken,Jung,PhD,Yale University,HOME,https://jkennethjung.github.io/
,Rosie,Li,PhD,Yale University,HOME,https://rosie-li.com
,Christina,Qiu,PhD,Yale University,HOME,https://christinamqiu.github.io/
,Dana,Scott,PhD,Yale University,HOME,https://www.dana-scott.com/
,Songyuan,Teng,PhD,Yale University,HOME,https://songyuan-teng.github.io/
,Tuyetanh,Tran,PhD,Yale University,HOME,https://tuyetanhltran.github.io
,Zhichun,Wang,PhD,Yale University,HOME,https://sites.google.com/view/zhichun-wang/home
,Nick,Wu,PhD,Yale University,HOME,https://nwu.io
,Yan,Yan,PhD,Yale University,HOME,https://yanyan-econ.github.io/
,Ziqing,Yan,PhD,Yale University,HOME,https://ziqingyan.com/
,Chenping,Yang,PhD,Yale University,HOME,https://www.chenpingyang.com/
,Kan,Yao,PhD,Yale University,HOME,https://kan-yao.com/
,David,Almog,PhD,Northwestern University,HOME,https://www.david-almog.com/
,Vageesha,Bainwala,PhD,Northwestern University,HOME,https://sites.northwestern.edu/vbg4814
,Alex,Boche,PhD,Northwestern University,HOME,https://sites.northwestern.edu/kelloggphds/alex-boche/
,Gaoyang,Cai,PhD,Northwestern University,HOME,https://kelloggphds.northwestern.edu/gaoyang-cai/
,Hersh,Chopra,PhD,Northwestern University,HOME,https://sites.northwestern.edu/hershchopra/h/
,Federico,Crippa,PhD,Northwestern University,HOME,https://sites.northwestern.edu/federicocrippa
,Valerio,Di Tommaso,PhD,Northwestern University,HOME,https://sites.northwestern.edu/vdt6422/
,Bruno,Fava,PhD,Northwestern University,HOME,https://sites.northwestern.edu/bvf7587
,Danil,Fedchenko,PhD,Northwestern University,HOME,https://sites.northwestern.edu/danil/
,Andrea,Ferrara,PhD,Northwestern University,HOME,https://sites.northwestern.edu/afk6388/
,Nina,Fluegel,PhD,Northwestern University,HOME,https://sites.northwestern.edu/nfx2967
,Kenneth,Fu,PhD,Northwestern University,HOME,https://sites.northwestern.edu/kfz97630/
,Sanjana,Ghosh,PhD,Northwestern University,HOME,https://www.sanjanaghosh.com/
,Shera,Gong,PhD,Northwestern University,HOME,https://shera-gong.github.io/
,Luxi,Han,PhD,Northwestern University,HOME,https://sites.northwestern.edu/hluxi/
,Jose,Higueras,PhD,Northwestern University,HOME,https://sites.northwestern.edu/jhc2776/
,Andrei,Iakovlev,PhD,Northwestern University,HOME,https://sites.northwestern.edu/andreiiakovlev
,Elizabeth,Jaramillo-Rojas,PhD,Northwestern University,HOME,https://sites.northwestern.edu/elizabethjaramillo/
,Jimmy,Lee,PhD,Northwestern University,HOME,https://sites.google.com/u.northwestern.edu/jimmylee1992728
,Xiaojie,Liu,PhD,Northwestern University,HOME,https://xiaojieliu.weebly.com/
,Ludovica,Mosillo,PhD,Northwestern University,HOME,https://sites.northwestern.edu/lmk2027/
,Cristoforo,Pizzimenti,PhD,Northwestern University,HOME,https://sites.northwestern.edu/cpl9380/
,Radhika,Ramakrishnan,PhD,Northwestern University,HOME,https://sites.northwestern.edu/rry592
,Johanna,Rayl,PhD,Northwestern University,HOME,https://sites.northwestern.edu/johannarayl/
,Kevin,Ren,PhD,Northwestern University,HOME,https://ren-kevin.github.io/
,Matteo,Ruzzante,PhD,Northwestern University,HOME,https://sites.northwestern.edu/mrb4682/
,Sebastian,Sardon,PhD,Northwestern University,HOME,https://sites.northwestern.edu/ssardon/
,Christopher,Sims,PhD,Northwestern University,HOME,https://sites.northwestern.edu/cse5314/
,Elena,Stella,PhD,Northwestern University,HOME,https://elena-stella.com/
,Shallabh,Tiwari,PhD,Northwestern University,HOME,https://sites.northwestern.edu/kelloggphds/shallabh-tiwari/
,Micah,Villarreal,PhD,Northwestern University,HOME,https://sites.northwestern.edu/micahvillarreal/
,Xizhao,Wang,PhD,Northwestern University,HOME,https://sites.google.com/view/xizhaowang/
,Zincy,Wei,PhD,Northwestern University,HOME,https://sites.northwestern.edu/zwt9130/
,Joseph,Battles,PhD,University of Chicago,HOME,https://econbattles.github.io/
,Aditya,Bhandari,PhD,University of Chicago,HOME,https://www.aditya-bhandari.com
,Filippo,Cavaleri,PhD,University of Chicago,HOME,https://filippocavaleri.github.io/
,Raman Singh,Chhina,PhD,University of Chicago,HOME,https://www.rschhina.com/
,Michael G.,Cuna,PhD,University of Chicago,HOME,https://mgcuna.github.io/website/
,Nimisha,Gupta,PhD,University of Chicago,HOME,https://sites.google.com/view/nimisha-gupta-2610/home
,Joanna,Harris Murphy,PhD,University of Chicago,HOME,https://www.joanna-harris-murphy.com/
,Faraz,Hayat,PhD,University of Chicago,HOME,https://farazhayat.com/
,Karan,Jain,PhD,University of Chicago,HOME,https://www.k-jain.com
,Edward,Jee,PhD,University of Chicago,HOME,https://edjeeongithub.github.io/
,Furkan,Kilic,PhD,University of Chicago,HOME,https://www.furkan-kilic.com/
,Xianglong,Kong,PhD,University of Chicago,HOME,https://xlkong96.github.io/website/
,Clara,Kyung,PhD,University of Chicago,HOME,https://ckyung.github.io/
,Chun Pong,Lau,PhD,University of Chicago,HOME,https://conroylau.github.io/
,Feng,Lin,PhD,University of Chicago,HOME,https://fenglin.site/
,Ashton,Pallottini,PhD,University of Chicago,HOME,https://ashtonpallottini.com
,Francesco,Ruggieri,PhD,University of Chicago,HOME,https://francescoruggieri.github.io/
,Haruka,Uchida,PhD,University of Chicago,HOME,https://haruka-uchida.github.io/
,Karen,Wu,PhD,University of Chicago,HOME,https://karen-a-wu.com/
,Ruoxuan,Wu,PhD,University of Chicago,HOME,https://rebeccawu96.github.io/
,Shijian,Yang,PhD,University of Chicago,HOME,https://www.shijianyang.com
,Nadia,Ali,PhD,Columbia University,HOME,https://sites.google.com/view/ali-nadia/home
,Nikhil,Basavappa,PhD,Columbia University,HOME,https://nikhilbasavappa.github.io/
,Giovanni,Bonfanti,PhD,Columbia University,HOME,https://sites.google.com/view/giovannibonfanti
,Luigi,Caloi,PhD,Columbia University,HOME,https://www.luigicaloi.com/
,Laura,Caron,PhD,Columbia University,HOME,https://laurakcaron.github.io/
,Jason,Chen,PhD,Columbia University,HOME,https://jasonjiaxingchen.github.io/
,Andrea,Ciccarone,PhD,Columbia University,HOME,https://andreaciccarone.github.io/
,Tushar,Kundu,PhD,Columbia University,HOME,https://tusharkundu.github.io/
,Tianhao,Liu,PhD,Columbia University,HOME,https://sites.google.com/view/tianhaoliuecon
,Kate,Musen,PhD,Columbia University,HOME,https://katemusen.com
,Ricardo,Pommer Munoz,PhD,Columbia University,HOME,https://pommermunoz.io/
,Ziyang,Shen,PhD,Columbia University,HOME,https://sites.google.com/view/ziyangshen
,Yifan,Shi,PhD,Columbia University,HOME,https://www.yifan-shi.com
,Shuhua,Si,PhD,Columbia University,HOME,https://sites.google.com/view/shuhuasi
,Hanyao,Zhang,PhD,Columbia University,HOME,https://www.hanyaozhang.com/
,Yangfan,Zhou,PhD,Columbia University,HOME,https://sites.google.com/view/yangfanzhou
,Diva,Astinova,PhD,New York University,HOME,https://sites.google.com/view/divaastinova
,Audrey,Azerot,PhD,New York University,HOME,https://sites.google.com/nyu.edu/audreyazerot/home
,Aya,Jibet,PhD,New York University,HOME,https://sites.google.com/nyu.edu/aya-jibet
,Brandon,Kaplowitz,PhD,New York University,HOME,https://www.bkaplowitz.com/
,Do Q,Lee,PhD,New York University,HOME,https://doqlee.github.io/
,Jiwon,Lee,PhD,New York University,HOME,https://jiwonlee.me/
,Yucheng,Lu,PhD,New York University,HOME,https://sites.google.com/nyu.edu/yuchenglu
,Fernando,Ochoa,PhD,New York University,HOME,https://nanoochoa.github.io/
,Helena,Pedrotti,PhD,New York University,HOME,https://helena-pedrotti.github.io/
,Young,Ahn,PhD,University of Pennsylvania,HOME,https://youngahn.com/
,Luigi,Falasconi,PhD,University of Pennsylvania,HOME,https://luigifalasconi.com
,Byunghoon,Kim,PhD,University of Pennsylvania,HOME,https://sites.google.com/view/byunghoonkim
,Ji Hwan,Kim,PhD,University of Pennsylvania,HOME,https://jihwankim1994.weebly.com/
,Josemaria,Larrain,PhD,University of Pennsylvania,HOME,https://www.josemarialarrain.com
,Siqi,Li,PhD,University of Pennsylvania,HOME,https://sites.google.com/view/siqili94/home
,Chinmay,Lohani,PhD,University of Pennsylvania,HOME,https://chinmaylohani.com/
,Alfonso,Maselli,PhD,University of Pennsylvania,HOME,https://sites.google.com/view/alfonsomaselli/home
,Alexander,Sawyer,PhD,University of Pennsylvania,HOME,https://sites.google.com/sas.upenn.edu/alexander-sawyer/home
,Ashley,Schwanebeck,PhD,University of Pennsylvania,HOME,https://www.ashleyschwanebeck.com/
,Javier,Tasso,PhD,University of Pennsylvania,HOME,https://javiertasso.github.io/
,Zach,Weingarten,PhD,University of Pennsylvania,HOME,https://www.zachweingarten.com/
,Ekaterina,Gurkova,PhD,"University of California, Los Angeles",HOME,https://ekaterinagurkova.com
,Jose Antonio,Inguanzo Gonzalez,PhD,"University of California, Los Angeles",HOME,https://www.joseinguanzo.com/
,Jonathan,Kowarski,PhD,"University of California, Los Angeles",HOME,https://sites.google.com/view/jonathan-kowarski
,Noah,Kwicklis,PhD,"University of California, Los Angeles",HOME,https://noahkwicklis.com
,James,Lee,PhD,"University of California, Los Angeles",HOME,https://www.jamesylee.org
,Aristotle,Magganas,PhD,"University of California, Los Angeles",HOME,https://sites.google.com/view/aristotle-magganas/home
,Antonio,Martner,PhD,"University of California, Los Angeles",HOME,https://amartner.github.io/
,Patrick,Molligo,PhD,"University of California, Los Angeles",HOME,https://www.patrickmolligo.com/
,Koki,Okumura,PhD,"University of California, Los Angeles",HOME,https://www.kokiokumura.com/
,Jiayin,Zhai,PhD,"University of California, Los Angeles",HOME,https://www.jiayinzhai.com/
,Fanwen,Zhu,PhD,"University of California, Los Angeles",HOME,https://fzhu23.wixsite.com/academic-bio
,Qize,Chen,PhD,University of Michigan,HOME,https://sites.google.com/umich.edu/qizechen
,Peter,Choi,PhD,University of Michigan,HOME,https://sites.google.com/view/peterjchoi
,Alvin,Christian,PhD,University of Michigan,HOME,https://www.alvinchristian.com
,Alexander,Fertig,PhD,University of Michigan,HOME,https://alexanderfertig.com/
,Ana Paula,Franco,PhD,University of Michigan,HOME,https://www.apfrancocarruitero.com
,Luciana,Galeano,PhD,University of Michigan,HOME,https://www.lucianagaleano.com/
,Erin,Gibson,PhD,University of Michigan,HOME,https://sites.google.com/view/erinpgibson
,Siyun,He,PhD,University of Michigan,HOME,https://sites.google.com/umich.edu/siyun-he
,Chandler,Inman,PhD,University of Michigan,HOME,https://sites.google.com/umich.edu/chandler-inman/home/
,Razi,Iqbal,PhD,University of Michigan,HOME,https://sites.google.com/umich.edu/view/razi-iqbal
,Andrew,Joung,PhD,University of Michigan,HOME,https://andrewjoung.com/
,Tammy Sunju,Lee,PhD,University of Michigan,HOME,https://tammysunjulee.github.io/personal
,Xiaomeng,Li,PhD,University of Michigan,HOME,https://www.xiaomengli.net/
,Nelson,Oviedo,PhD,University of Michigan,HOME,https://oviedonelson.github.io/
,Mary,Quiroga,PhD,University of Michigan,HOME,https://www.maryquiroga.com
,Shwetha,Raghuraman,PhD,University of Michigan,HOME,https://shwetha-raghuraman.github.io
,Jiaming,Soh,PhD,University of Michigan,HOME,https://www.jiamingsoh.com/
,David,Van Dijcke,PhD,University of Michigan,HOME,https://davidvandijcke.com
,Esteban,Verdugo,PhD,University of Michigan,HOME,https://everdugo.com
,Germano,Wallerstein,PhD,University of Michigan,HOME,https://sites.google.com/umich.edu/germano-wallerstein
,Eva,Wang,PhD,University of Michigan,HOME,https://www.evawang.net
,Yuyao,Wu,PhD,University of Michigan,HOME,https://sites.google.com/umich.edu/yuyaowu
,Meifeng,Yang,PhD,University of Michigan,HOME,https://www.meifengyang.com/
,Niaoniao,You,PhD,University of Michigan,HOME,https://www.niaoniaoyou.com/
,Sarah,Bass,PhD,University of Wisconsin-Madison,HOME,https://www.sarahjbass.com/
,Zhuoli,Chen,PhD,University of Wisconsin-Madison,HOME,https://zhuolichen.com/
,Yuan,Fang,PhD,University of Wisconsin-Madison,HOME,https://sites.google.com/view/yuanfang/home
,Zhiyang,Feng,PhD,University of Wisconsin-Madison,HOME,https://sites.google.com/wisc.edu/zhiyangfeng/home
,Andrea,Franco Hernandez,PhD,University of Wisconsin-Madison,HOME,https://sites.google.com/view/andreafrancohernandez/home
,Daniel,Gold,PhD,University of Wisconsin-Madison,HOME,https://danny-gold.com/
,Hanna,Han,PhD,University of Wisconsin-Madison,HOME,https://www.hannahan-econ.com/
,Yuqi,Jiang,PhD,University of Wisconsin-Madison,HOME,https://sites.google.com/view/angelajiang/
,Claire Kyu-yeon,Kim,PhD,University of Wisconsin-Madison,HOME,https://sites.google.com/view/clairekykim
,Katherine,Kwok,PhD,University of Wisconsin-Madison,HOME,https://www.katherinekwok.com/
,Giselle,Labrador-Badia,PhD,University of Wisconsin-Madison,HOME,https://sites.google.com/view/gisellelabrador-badia
,John C.,Lazzaro,PhD,University of Wisconsin-Madison,HOME,https://sites.google.com/wisc.edu/johnclazzaro/home
,Hyunkyeong,Lim,PhD,University of Wisconsin-Madison,HOME,https://www.hyun-lim.com/
,Anna,Lukianova,PhD,University of Wisconsin-Madison,HOME,https://sites.google.com/view/annalukianova/
,Yasumasa,Morito,PhD,University of Wisconsin-Madison,HOME,https://sites.google.com/view/yasumasa-morito/home
,Michael B.,Nattinger,PhD,University of Wisconsin-Madison,HOME,https://www.michaelnattinger.com/
,Kensuke,Sakamoto,PhD,University of Wisconsin-Madison,HOME,https://kensakamot.github.io/
,Andrew,Smith,PhD,University of Wisconsin-Madison,HOME,https://www.jasmiths.com/
,Arseniy,Stolyarov,PhD,University of Wisconsin-Madison,HOME,https://www.arseniystolyarov.com/
,Anya,Tarascina,PhD,University of Wisconsin-Madison,HOME,https://anyatarascina.com/
,Mitchell,Valdes-Bobes,PhD,University of Wisconsin-Madison,HOME,https://mitchv34.github.io/mitchv34.github.io-my-website/
,Alexander H.,von Hafften,PhD,University of Wisconsin-Madison,HOME,https://vonhafften.github.io/index.html
,Paulo,Antonacci,PhD,Duke University,HOME,https://pvantonacci.github.io
,Hanjoon,Ryu,PhD,Duke University,HOME,https://www.hanjoonryu.com/
,Hema,Shah,PhD,Duke University,HOME,https://www.hema-shah-econ.com/
,Yasin,Simsek,PhD,Duke University,HOME,https://yasin-simsek.github.io/
,Jeongsoo,Suh,PhD,Duke University,HOME,https://www.jeongsoosuh.com/
,Haoqi,Tong,PhD,Duke University,HOME,https://haoqitong.github.io/
,Barron,Tsai,PhD,Duke University,HOME,https://yhbarrontsai.github.io/
,Luke,Zhao,PhD,Duke University,HOME,https://lukehzhao.github.io/
,Teresa,Balestrini,PhD,University of Minnesota,HOME,https://www.teresabalestrini.com/
,Leonardo,Barreto,PhD,University of Minnesota,HOME,https://www.leonardo-barreto.com/
,Carlos,Bolivar,PhD,University of Minnesota,HOME,https://carlosbolivar.info/
,Francisco,Bullano,PhD,University of Minnesota,HOME,https://franciscobullano.com/
,Christian F.,Ellul,PhD,University of Minnesota,HOME,https://sites.google.com/view/christianellul/
,Juliana,Gamboa-Arbelaez,PhD,University of Minnesota,HOME,https://sites.google.com/view/juliana-gamboa-arbelaez/home
,Eftychia,Karfaki,PhD,University of Minnesota,HOME,https://sites.google.com/umn.edu/effie-karfaki/home
,Ioannis,Koutsonikolis,PhD,University of Minnesota,HOME,https://www.ikoutsonikolis.com/
,Christina,Shin,PhD,University of Minnesota,HOME,https://sites.google.com/view/christinashin
,Scott,Sommers,PhD,University of Minnesota,HOME,https://sites.google.com/view/scottsommers
,Bipul,Verma,PhD,University of Minnesota,HOME,https://www.bipulverma.com/
,Jacob,Wright,PhD,University of Minnesota,HOME,https://www.jacob-wright.me/
,Alexander,Wurdinger,PhD,University of Minnesota,HOME,https://sites.google.com/view/alexwurdinger/home
,Lieyuan,Yang,PhD,University of Minnesota,HOME,https://sites.google.com/umn.edu/lieyuanyang
,Francesco,Billari,PhD,Cornell University,HOME,https://sites.google.com/cornell.edu/francescobillari/about
,Lexin,Cai,PhD,Cornell University,HOME,https://lexincai.github.io/
,Neil,Cholli,PhD,Cornell University,HOME,https://www.neilcholli.com/about
,Ryan,Dycus,PhD,Cornell University,HOME,https://ryandycus.com/
,Senan,Hogan-Hennessy,PhD,Cornell University,HOME,https://shoganhennessy.github.io/
,Hyewon,Kim,PhD,Cornell University,HOME,https://hyewonkim-page.github.io/
,Yiqi,Liu,PhD,Cornell University,HOME,https://yiqi-liu.github.io/
,Enjie,Ma,PhD,Cornell University,HOME,https://enjiema.com/
,Roberta,Olivieri,PhD,Cornell University,HOME,https://sites.google.com/view/robertaolivieri/home
,Han,Pham,PhD,Cornell University,HOME,https://hanjuliapham.com/
,Adelson,Teh Ming Wei,PhD,Cornell University,HOME,https://sites.google.com/view/adelson
,David,Titus,PhD,Cornell University,HOME,https://davidwdtitus.github.io/davidtitus
,Hongyuan,Xia,PhD,Cornell University,HOME,https://hongyuan-xia.github.io/
,Sen,Zeng,PhD,Cornell University,HOME,https://sen-zeng.github.io/
,Bruno,Cardinale Lagomarsino,PhD,Brown University,HOME,https://www.brunocardinalelagomarsino.com/
,Tarana,Chauhan,PhD,Brown University,HOME,https://www.taranachauhan.com/
,Max,Garcia,PhD,Brown University,HOME,https://maxgarc.github.io/
,Gabrielle,Grafton,PhD,Brown University,HOME,https://sites.google.com/brown.edu/gabriellegrafton/home
,Bo-Yeon,Jang,PhD,Brown University,HOME,https://boyeon-jang.com/
,Steven,Lee,PhD,Brown University,HOME,https://sites.google.com/view/stevenslee
,Gyungbae,Park,PhD,Brown University,HOME,https://sites.google.com/brown.edu/gyungbaepark
,Moritz,Poll,PhD,Brown University,HOME,https://www.moritz-poll.com/
,Matt,Schaelling,PhD,Brown University,HOME,https://www.mattschaelling.com/
,Finn,Schüle,PhD,Brown University,HOME,https://www.finnschule.com/
,Jiayue,Zhang,PhD,Brown University,HOME,https://jzhangg.github.io/
,Arseniy,Braslavskiy,PhD,University of Maryland,HOME,https://arseniy.braslavskiy.com/
,Shuqing,Chen,PhD,University of Maryland,HOME,https://sites.google.com/umd.edu/shuqingchen
,Jenny Siqin,Ding,PhD,University of Maryland,HOME,https://www.dingsiqin.com/
,Kanat,Isakov,PhD,University of Maryland,HOME,https://sites.google.com/umd.edu/kisakov
,Weizheng,Lai,PhD,University of Maryland,HOME,https://laiwz.github.io/
,Ziqiao,Liu,PhD,University of Maryland,HOME,https://sites.google.com/umd.edu/ziqiao-liu
,Jorge Enrique,Perilla Garcia,PhD,University of Maryland,HOME,https://sites.google.com/view/jorge-perilla-garcia/
,R. Benjamin,Rodriguez,PhD,University of Maryland,HOME,https://sites.google.com/umd.edu/rbenjaminrodriguez/
,Giuliano,Simoncelli,PhD,University of Maryland,HOME,https://sites.google.com/view/giulianosimoncelli
,Qian,Wang,PhD,University of Maryland,HOME,https://qwang819.github.io/
,Sarah,Webb,PhD,University of Maryland,HOME,https://sarah-webb-econ.github.io/
,Yu Hung,Yaow,PhD,University of Maryland,HOME,https://sites.google.com/umd.edu/yaow
,Jonathan,Yu,PhD,University of Maryland,HOME,https://sites.google.com/umd.edu/econ-jmc-jonathan-yu/
,Francesco,Amodeo,PhD,"University of California, San Diego",HOME,https://sites.google.com/view/framodeo
,Fulvia,Budillon,PhD,"University of California, San Diego",HOME,https://www.fulviabudillon.com/
,Junyuan,Chen,PhD,"University of California, San Diego",HOME,https://junyuanchen.com/
,Wei-Lin,Chen,PhD,"University of California, San Diego",HOME,https://www.weilinchen.com/home
,Jay,Cizeski,PhD,"University of California, San Diego",HOME,https://www.jaycizeski.com/
,Paula,Donaldson,PhD,"University of California, San Diego",HOME,https://pauladonaldson.github.io/
,Cole,Dreier,PhD,"University of California, San Diego",HOME,https://sites.google.com/view/cole-dreier/
,Andre,Gray,PhD,"University of California, San Diego",HOME,https://andregra.github.io/
,Vikram,Jambulapati,PhD,"University of California, San Diego",HOME,https://acsweb.ucsd.edu/~vjambula/
,Anwita,Mahajan,PhD,"University of California, San Diego",HOME,https://www.anwitamahajan.com/
,Karna,Malaviya,PhD,"University of California, San Diego",HOME,https://karnamalaviya.github.io/
,Jordán,Mosqueda Juárez,PhD,"University of California, San Diego",HOME,https://jordanmosqueda.github.io/
,Jaeyeon,Shin,PhD,"University of California, San Diego",HOME,https://sites.google.com/ucsd.edu/jaeyeonshin
,Steven,Yee,PhD,"University of California, San Diego",HOME,https://sites.google.com/view/stevenyee
,Charoo,Anand,PhD,"University of California, Berkeley",HOME,https://www.charoo.net/
,Jakob,Brounstein,PhD,"University of California, Berkeley",HOME,https://jakobbrounstein.github.io/
,Catherine,Che,PhD,"University of California, Berkeley",HOME,https://cjche.github.io/
,Sydney,Costantini,PhD,"University of California, Berkeley",HOME,https://sydneycostantini.com
,Richard,Jin,PhD,"University of California, Berkeley",HOME,https://sites.google.com/view/richardjin
,Grady,Killeen,PhD,"University of California, Berkeley",HOME,https://gkilleen33.github.io/
,Wouter,Leenders,PhD,"University of California, Berkeley",HOME,https://wouterleenders.eu/
,Jun Ru,Lyu,PhD,"University of California, Berkeley",HOME,https://www.junrulyu.com/
,Emily,Martell,PhD,"University of California, Berkeley",HOME,https://www.emilymartell.com/
,Joan,Martinez,PhD,"University of California, Berkeley",HOME,https://joanjmartinez.com
,Alfredo,Mendoza-Fernandez,PhD,"University of California, Berkeley",HOME,https://sites.google.com/view/alfredo-mendoza-fernandez/home
,Bailey,Palmer,PhD,"University of California, Berkeley",HOME,https://baileypalmer.github.io/
,Matteo,Saccarola,PhD,"University of California, Berkeley",HOME,https://matteosaccarola.github.io/
,Will,Sandholtz,PhD,"University of California, Berkeley",HOME,https://willsandholtz.github.io/
,Elif,Tasar,PhD,"University of California, Berkeley",HOME,https://eliftasar.github.io/
,Anders,Yding,PhD,"University of California, Berkeley",HOME,https://andersyding.com
,Mingduo,Zhao,PhD,"University of California, Berkeley",HOME,https://mingduozhao.com/
,Pinjas,Albagli,PhD,London School of Economics,RES,https://palbagli.github.io/research/
,Paulo,Antonacci,PhD,Duke University,PUB,https://pvantonacci.github.io/publications/
,Maria Jose,Arteaga-Garavito,PhD,Bocconi University,RES,https://majoarteaga.github.io/research/
,Nikhil,Basavappa,PhD,Columbia University,PUB,https://nikhilbasavappa.github.io/publications/
,Nikhil,Basavappa,PhD,Columbia University,RES,https://nikhilbasavappa.github.io/research/
,Seda,Basihos,Post-Doc,University of Cambridge,RES,https://www.sedabasihos.com/research.html
,Lisa,Beihy Pacheco,PhD,London School of Economics,RES,https://lisabeihypacheco.github.io/research/
,Aditya,Bhandari,PhD,University of Chicago,RES,https://www.aditya-bhandari.com/research
,Adrian,Blattner,PhD,Stanford University,RES,https://www.adrianblattner.com/research
,Carlos,Bolivar,PhD,University of Minnesota,RES,https://carlosbolivar.info/research
,Arseniy,Braslavskiy,PhD,University of Maryland,PUB,https://arseniy.braslavskiy.com/publications/
,Arseniy,Braslavskiy,PhD,University of Maryland,RES,https://arseniy.braslavskiy.com/research/
,Lexin,Cai,PhD,Cornell University,RES,https://lexincai.github.io/research/
,Luigi,Caloi,PhD,Columbia University,RES,https://www.luigicaloi.com/research
,Laura,Caron,PhD,Columbia University,RES,https://laurakcaron.github.io/research/
,Jason,Chen,PhD,Columbia University,PUB,https://jasonjiaxingchen.github.io/publications/
,Junyuan,Chen,PhD,"University of California, San Diego",RES,https://junyuanchen.com/research/
,Adrien,Couturier,PhD,London School of Economics,RES,https://adriencouturier.com/research
,Alexander,Fertig,PhD,University of Michigan,RES,https://alexanderfertig.com/research
,Evan,Flack,PhD,Stanford University,RES,https://evanflack.com/research/
,Jonathan,Hartley,PhD,Stanford University,RES,http://www.jonathanhartley.net/research
,Nilmini,Herath,PhD,London School of Economics,RES,https://nilminiherath.com/research/
,Stephan,Hobler,PhD,London School of Economics,RES,https://sjhobler.github.io//research/
,Senan,Hogan-Hennessy,PhD,Cornell University,RES,https://shoganhennessy.github.io/research/
,Timothy,Hunt,PhD,University of Oxford,PUB,https://timothywhunt.github.io/publications/
,Karan,Jain,PhD,University of Chicago,RES,https://www.k-jain.com/research
,Edward,Jee,PhD,University of Chicago,RES,https://edjeeongithub.github.io/research/
,Andrew,Joung,PhD,University of Michigan,RES,https://andrewjoung.com/research.html
,Brandon,Kaplowitz,PhD,New York University,PUB,https://www.bkaplowitz.com/publications
,Furkan,Kilic,PhD,University of Chicago,RES,https://www.furkan-kilic.com/research.html
,Hyewon,Kim,PhD,Cornell University,PUB,https://hyewonkim-page.github.io/publications/
,Hyewon,Kim,PhD,Cornell University,RES,https://hyewonkim-page.github.io/research/
,Ji Hwan,Kim,PhD,University of Pennsylvania,RES,https://jihwankim1994.weebly.com/research.html
,Ananya,Kotia,PhD,London School of Economics,RES,https://ananyakotia.com/research/
,Do Q,Lee,PhD,New York University,PUB,https://doqlee.github.io/publications/
,Tammy Sunju,Lee,PhD,University of Michigan,RES,https://tammysunjulee.github.io/personal/research.html
,Feng,Lin,PhD,University of Chicago,RES,https://fenglin.site/research/
,Feng,Lin,PhD,University of Chicago,RES,https://fenglin.site/files/research/
,Xiaojie,Liu,PhD,Northwestern University,RES,https://xiaojieliu.weebly.com/research.html
,Yiqi,Liu,PhD,Cornell University,RES,https://yiqi-liu.github.io/research/
,Rosanne,Logeart,PhD,Paris School of Economics,PUB,https://rosannelogeart.github.io/publications/
,Rosanne,Logeart,PhD,Paris School of Economics,RES,https://rosannelogeart.github.io/research/
,Karna,Malaviya,PhD,"University of California, San Diego",PUB,https://karnamalaviya.github.io/publications/
,Karna,Malaviya,PhD,"University of California, San Diego",RES,https://karnamalaviya.github.io/research/
,Casey,McQuillan,PhD,Princeton University,RES,https://casey-mcquillan.github.io/research/
,Eugenia,Menaguale,PhD,Princeton University,PUB,https://eumena.github.io/publications/
,Eugenia,Menaguale,PhD,Princeton University,RES,https://eumena.github.io/research/
,Alberto,Nasi,PhD,Bocconi University,RES,https://albnasi.github.io/research
,Yann,Perdereau,PhD,Paris School of Economics,PUB,https://yannperdereau.github.io/publications/
,Eric,Qian,PhD,Princeton University,RES,https://www.eric-qian.com/research/
,Shwetha,Raghuraman,PhD,University of Michigan,RES,https://shwetha-raghuraman.github.io/research/
,Kevin,Ren,PhD,Northwestern University,RES,https://ren-kevin.github.io/research/
,Francesco,Ruggieri,PhD,University of Chicago,RES,https://francescoruggieri.github.io/research/
,Soroush,Sabet,PhD,London School of Economics,PUB,https://ssabet.github.io/publications/
,Matteo,Saccarola,PhD,"University of California, Berkeley",RES,https://matteosaccarola.github.io/research/
,Kensuke,Sakamoto,PhD,University of Wisconsin-Madison,PUB,https://kensakamot.github.io/publications/
,Kensuke,Sakamoto,PhD,University of Wisconsin-Madison,RES,https://kensakamot.github.io/research/
,Bas,Sanders,PhD,Harvard University,PUB,https://sandersbas.github.io/publications/
,Bas,Sanders,PhD,Harvard University,RES,https://sandersbas.github.io/research/
,Will,Sandholtz,PhD,"University of California, Berkeley",RES,https://willsandholtz.github.io/research/
,Vanessa,Schmidt,PhD,Berlin School of Economics,RES,https://vanessa-schmidt.com/research/
,Finn,Schüle,PhD,Brown University,RES,https://www.finnschule.com/papers/
,Marcelo,Sena,PhD,Stanford University,PUB,https://marcelosena.github.io/publications/
,Marcelo,Sena,PhD,Stanford University,WP,https://marcelosena.github.io/working_papers/
,Callum,Shaw,PhD,London School of Economics,RES,https://callum681.github.io/research/
,Nagisa,Tadjfar,PhD,Massachusetts Institute of Technology,RES,https://nagisatadjfar.github.io/research/
,Songyuan,Teng,PhD,Yale University,PUB,https://songyuan-teng.github.io/publications/
,Barron,Tsai,PhD,Duke University,RES,https://yhbarrontsai.github.io/research/
,Mitchell,Valdes-Bobes,PhD,University of Wisconsin-Madison,PUB,https://mitchv34.github.io/mitchv34.github.io-my-website/publications/
,Mitchell,Valdes-Bobes,PhD,University of Wisconsin-Madison,RES,https://mitchv34.github.io/mitchv34.github.io-my-website/research/
,Qian,Wang,PhD,University of Maryland,PUB,https://qwang819.github.io/publications/
,Qian,Wang,PhD,University of Maryland,RES,https://qwang819.github.io/research/
,Yaping,Wang,PhD,Barcelona School of Economics,RES,https://yapingw.github.io/research/
,Zach,Weingarten,PhD,University of Pennsylvania,RES,https://www.zachweingarten.com/research
,Robert,Wojciechowski,PhD,Barcelona School of Economics,RES,https://robertwojciechowski.github.io/research/
,Jacob,Wright,PhD,University of Minnesota,RES,https://www.jacob-wright.me/research
,Anders,Yding,PhD,"University of California, Berkeley",RES,https://andersyding.com/research/
,Jiayue,Zhang,PhD,Brown University,PUB,https://jzhangg.github.io/publications/
,Jiayue,Zhang,PhD,Brown University,RES,https://jzhangg.github.io/research/
,Li,Zhang,Post-Doc,Berlin School of Economics,RES,https://lizhangecon.github.io/research/
,Siyu,Zhang,PhD,University of Mannheim,PUB,https://siyu94.github.io/publications/
,Ziqiao,Zhang,PhD,Princeton University,RES,https://ziqiaozhang.weebly.com/research.html
,Jennifer,Zou,PhD,Harvard University,RES,https://jen-zou.github.io/research/
,Narek,Alexanian,PhD,Princeton University,RES,https://sites.google.com/princeton.edu/narek-alexanian/research
,Patrick,Allmis,Post-Doc,University of Cambridge,RES,https://www.patrickallmis.com/research
,David,Almog,PhD,Northwestern University,RES,https://www.david-almog.com/research
,Francesco,Amodeo,PhD,"University of California, San Diego",RES,https://sites.google.com/view/framodeo/research
,Charoo,Anand,PhD,"University of California, Berkeley",RES,https://www.charoo.net/doctoral-research
,Marium,Ashfaq,PhD,University of Cambridge,RES,https://sites.google.com/view/mariumashfaq/research
,Diva,Astinova,PhD,New York University,RES,https://sites.google.com/view/divaastinova/more/research
,Deniz,Atalar,PhD,University of Cambridge,RES,https://www.denizatalar.com/research
,Audrey,Azerot,PhD,New York University,RES,https://sites.google.com/nyu.edu/audreyazerot/research
,Teresa,Balestrini,PhD,University of Minnesota,RES,https://www.teresabalestrini.com/research
,Sarah,Bass,PhD,University of Wisconsin-Madison,RES,https://www.sarahjbass.com/research
,Julia,Baumann,PhD,Berlin School of Economics,RES,https://sites.google.com/view/julia-baumann/research
,Ursula,Berresheim,PhD,University of Mannheim,RES,https://sites.google.com/view/ursula-berresheim/research
,Christine,Blandhol,PhD,Princeton University,RES,https://www.christineblandhol.com/research
,Lukas,Boehnert,PhD,University of Oxford,RES,https://www.lukasboehnert.com/research
,Ayah,Bohsali,PhD,Barcelona School of Economics,RES,https://ayahbohsali.github.io/research/
,Giovanni,Bonfanti,PhD,Columbia University,RES,https://sites.google.com/view/giovannibonfanti/research
,Jakob,Brounstein,PhD,"University of California, Berkeley",RES,https://jakobbrounstein.github.io/research.html
,Fulvia,Budillon,PhD,"University of California, San Diego",RES,https://www.fulviabudillon.com/home-page/research
,Francisco,Bullano,PhD,University of Minnesota,PUB,https://franciscobullano.com/publication/
,Bruno,Cardinale Lagomarsino,PhD,Brown University,RES,https://www.brunocardinalelagomarsino.com/research
,Anne,Carlstein,PhD,Massachusetts Institute of Technology,RES,https://sites.google.com/view/anne-carlstein/research
,Alex,Carrasco,PhD,Massachusetts Institute of Technology,RES,https://alex-carrasco.com/research/
,Filippo,Cavaleri,PhD,University of Chicago,RES,https://filippocavaleri.github.io/research.html
,Tarana,Chauhan,PhD,Brown University,RES,https://www.taranachauhan.com/research
,Catherine,Che,PhD,"University of California, Berkeley",RES,https://cjche.github.io/research.html
,Anshu,Chen,PhD,Princeton University,RES,https://sites.google.com/view/anshuchen/research
,Qize,Chen,PhD,University of Michigan,RES,https://sites.google.com/umich.edu/qizechen/research
,Shuqing,Chen,PhD,University of Maryland,RES,https://sites.google.com/umd.edu/shuqingchen/research
,Wei-Lin,Chen,PhD,"University of California, San Diego",RES,https://www.weilinchen.com/research
,Zhuoli,Chen,PhD,University of Wisconsin-Madison,RES,https://zhuolichen.com/research/
,Peter,Choi,PhD,University of Michigan,RES,https://sites.google.com/view/peterjchoi/research
,Neil,Cholli,PhD,Cornell University,RES,https://www.neilcholli.com/research
,Alvin,Christian,PhD,University of Michigan,RES,https://www.alvinchristian.com/research
,Matteo,Cremonini,PhD,Bocconi University,RES,https://sites.google.com/view/matteo-cremonini/research
,Richard,De Thorpe,PhD,Princeton University,RES,https://richarddethorpe.com/princeton.edu/richarddethorpe/research
,Victor,Degorce,Post-Doc,Princeton University,RES,https://sites.google.com/princeton.edu/victordegorce/home/research
,Lucile,Dehouck,PhD,Paris School of Economics,RES,https://sites.google.com/view/luciledehouck/research
,Zhiyao,Deng,PhD,London School of Economics,RES,https://sites.google.com/view/zhiyaodeng/research
,Geraud,Desazars de Montgailhard,PhD,Bocconi University,RES,https://sites.google.com/view/gerauddesazars/research
,Jenny Siqin,Ding,PhD,University of Maryland,RES,https://www.dingsiqin.com/research.html
,Cole,Dreier,PhD,"University of California, San Diego",RES,https://sites.google.com/view/cole-dreier/research
,Ryan,Dycus,PhD,Cornell University,RES,https://ryandycus.com/research
,Christian F.,Ellul,PhD,University of Minnesota,RES,https://sites.google.com/view/christianellul/research
,Pia,Ennuschat,PhD,Barcelona School of Economics,RES,https://www.piaennuschat.com/research
,Yuan,Fang,PhD,University of Wisconsin-Madison,RES,https://sites.google.com/view/yuanfang/research
,Agata,Farina,Post-Doc,Princeton University,RES,https://www.agatafarina.com/research
,Zhiyang,Feng,PhD,University of Wisconsin-Madison,RES,https://sites.google.com/wisc.edu/zhiyangfeng/research
,Andrea,Franco Hernandez,PhD,University of Wisconsin-Madison,RES,https://sites.google.com/view/andreafrancohernandez/research
,Juliana,Gamboa-Arbelaez,PhD,University of Minnesota,RES,https://sites.google.com/view/juliana-gamboa-arbelaez/research
,Marco,Garofalo,PhD,University of Oxford,RES,https://sites.google.com/view/marco-garofalo/research
,Felix,Gerding,PhD,Bocconi University,RES,https://sites.google.com/view/felix-gerding/home/research
,Enrichetta,Giurickovic,PhD,Paris School of Economics,RES,https://sites.google.com/view/enrichettagiurickovic/research
,Daniel,Gold,PhD,University of Wisconsin-Madison,RES,https://danny-gold.com/research
,Shera,Gong,PhD,Northwestern University,RES,https://shera-gong.github.io/research.html
,Giulio,Gottardo,PhD,University of Oxford,RES,https://sites.google.com/view/giulio-gottardo/research
,Laure,Goursat,PhD,Paris School of Economics,RES,https://sites.google.com/view/lauregoursat/research
,Gabrielle,Grafton,PhD,Brown University,RES,https://sites.google.com/brown.edu/gabriellegrafton/research
,Sebastian,Guarda,PhD,Princeton University,RES,https://www.sebastianguarda.com/research
,Hanna,Han,PhD,University of Wisconsin-Madison,RES,https://www.hannahan-econ.com/research
,Louis-Marie,Harpedanne de Belleville,PhD,Paris School of Economics,RES,https://sites.google.com/view/harpedanne/research
,Joanna,Harris Murphy,PhD,University of Chicago,RES,https://www.joanna-harris-murphy.com/research
,Siyun,He,PhD,University of Michigan,RES,https://sites.google.com/umich.edu/siyun-he/research
,Nathaniel,Hickok,PhD,Massachusetts Institute of Technology,RES,https://nathanielhickok.com/research
,Argun,Hild,PhD,University of Mannheim,RES,https://argunhild.github.io/research/
,Nicolas,Hommel,PhD,Princeton University,RES,https://www.nicolashommel.com/research
,Ruru,Hoong,PhD,Harvard University,RES,https://ruruhoong.com/research/
,Zong,Huang,PhD,Stanford University,RES,https://z-y-huang.github.io/research
,Katrin,Huber,Post-Doc,Berlin School of Economics,RES,https://www.katrin-huber-econ.de/research
,Gökhan,Ider,PhD,Berlin School of Economics,RES,https://sites.google.com/view/gokhanider/research
,Jose Antonio,Inguanzo Gonzalez,PhD,"University of California, Los Angeles",RES,https://www.joseinguanzo.com/research
,Chandler,Inman,PhD,University of Michigan,RES,https://sites.google.com/umich.edu/chandler-inman/research
,Kanat,Isakov,PhD,University of Maryland,RES,https://sites.google.com/umd.edu/kisakov/research
,Vikram,Jambulapati,PhD,"University of California, San Diego",RES,https://acsweb.ucsd.edu/~vjambula/research.html
,Mathias Fjællegaard,Jensen,PhD,University of Oxford,RES,https://fjaellegaard.com/research
,Yuqi,Jiang,PhD,University of Wisconsin-Madison,RES,https://sites.google.com/view/angelajiang/research
,Aya,Jibet,PhD,New York University,RES,https://sites.google.com/nyu.edu/aya-jibet/research
,Richard,Jin,PhD,"University of California, Berkeley",RES,https://sites.google.com/view/richardjin/research
,Eszter,Kabos,PhD,University of Oxford,RES,https://www.ekabos.com/research
,Donia,Kamel,PhD,Paris School of Economics,RES,https://www.doniakamel.com/research
,Eftychia,Karfaki,PhD,University of Minnesota,RES,https://sites.google.com/umn.edu/effie-karfaki/research
,Grady,Killeen,PhD,"University of California, Berkeley",RES,https://gkilleen33.github.io/research.html
,Byunghoon,Kim,PhD,University of Pennsylvania,RES,https://sites.google.com/view/byunghoonkim/research
,Claire Kyu-yeon,Kim,PhD,University of Wisconsin-Madison,RES,https://sites.google.com/view/clairekykim/research
,Helen,Kissel,PhD,Stanford University,RES,https://www.helenkissel.com/research
,Ioannis,Koutsonikolis,PhD,University of Minnesota,RES,https://www.ikoutsonikolis.com/research
,Jonathan,Kowarski,PhD,"University of California, Los Angeles",RES,https://sites.google.com/view/jonathan-kowarski/research-projects
,Tushar,Kundu,PhD,Columbia University,RES,https://tusharkundu.github.io/research
,Jonas Kai,Kurle,PhD,University of Oxford,RES,https://jonaskurle.com/pages/research.html
,Katherine,Kwok,PhD,University of Wisconsin-Madison,RES,https://www.katherinekwok.com/research
,Giselle,Labrador-Badia,PhD,University of Wisconsin-Madison,RES,https://sites.google.com/view/gisellelabrador-badia/research
,Josemaria,Larrain,PhD,University of Pennsylvania,RES,https://www.josemarialarrain.com/research
,John C.,Lazzaro,PhD,University of Wisconsin-Madison,RES,https://sites.google.com/wisc.edu/johnclazzaro/research
,James,Lee,PhD,"University of California, Los Angeles",RES,https://www.jamesylee.org/research
,Jimmy,Lee,PhD,Northwestern University,RES,https://sites.google.com/u.northwestern.edu/jimmylee1992728/research
,Jiwon,Lee,PhD,Princeton University,RES,https://sites.google.com/princeton.edu/jiwonlee/research
,Steven,Lee,PhD,Brown University,RES,https://sites.google.com/view/stevenslee/research
,Siqi,Li,PhD,University of Pennsylvania,RES,https://sites.google.com/view/siqili94/research
,Hyunkyeong,Lim,PhD,University of Wisconsin-Madison,RES,https://www.hyun-lim.com/research
,Tianhao,Liu,PhD,Columbia University,RES,https://sites.google.com/view/tianhaoliuecon/research
,Ziqiao,Liu,PhD,University of Maryland,RES,https://sites.google.com/umd.edu/ziqiao-liu/research
,Ana,Lleó-Bono,PhD,University of Cambridge,RES,https://sites.google.com/view/analleobono/research
,Raquel,Lorenzo,PhD,Barcelona School of Economics,RES,https://www.raquel-lorenzo.com/research
,Yucheng,Lu,PhD,New York University,RES,https://sites.google.com/nyu.edu/yuchenglu/research
,Anna,Lukianova,PhD,University of Wisconsin-Madison,RES,https://sites.google.com/view/annalukianova/research
,Jun Ru,Lyu,PhD,"University of California, Berkeley",RES,https://www.junrulyu.com/research
,Enjie,Ma,PhD,Cornell University,RES,https://enjiema.com/research/
,Aristotle,Magganas,PhD,"University of California, Los Angeles",RES,https://sites.google.com/view/aristotle-magganas/research
,Anwita,Mahajan,PhD,"University of California, San Diego",RES,https://www.anwitamahajan.com/research
,Max,Marczinek,PhD,University of Oxford,RES,https://sites.google.com/view/maxmarczinek/research
,Emily,Martell,PhD,"University of California, Berkeley",RES,https://www.emilymartell.com/research
,Joan,Martinez,PhD,"University of California, Berkeley",RES,https://joanjmartinez.com/research/
,Pedro,Martinez-Bruera,PhD,Massachusetts Institute of Technology,RES,https://www.pmbruera.com/research
,Alfonso,Maselli,PhD,University of Pennsylvania,RES,https://sites.google.com/view/alfonsomaselli/research
,Johannes,Matt,PhD,London School of Economics,RES,https://www.johannesmatt.com/research
,Roberto-Rafael,Maura-Rivero,PhD,London School of Economics,RES,https://sites.google.com/view/rrmaura/research
,Patrick,Molligo,PhD,"University of California, Los Angeles",RES,https://www.patrickmolligo.com/research/
,Kate,Musen,PhD,Columbia University,RES,https://katemusen.com/research
,Aroon,Narayanan,PhD,Massachusetts Institute of Technology,RES,https://www.aroon.cc/research
,Michael B.,Nattinger,PhD,University of Wisconsin-Madison,RES,https://www.michaelnattinger.com/research_2
,Roberta,Olivieri,PhD,Cornell University,RES,https://sites.google.com/view/robertaolivieri/research
,Gyungbae,Park,PhD,Brown University,RES,https://sites.google.com/brown.edu/gyungbaepark/research
,Charles,Parry,PhD,University of Cambridge,RES,https://sites.google.com/view/charles-parry/research
,Tatiana,Pazem,PhD,London School of Economics,RES,https://sites.google.com/view/etiennefize/research
,Helena,Pedrotti,PhD,New York University,RES,https://helena-pedrotti.github.io/research/
,Jorge Enrique,Perilla Garcia,PhD,University of Maryland,RES,https://sites.google.com/view/jorge-perilla-garcia/research
,Giuseppe,Pulito,Post-Doc,Berlin School of Economics,RES,https://sites.google.com/view/giuseppepulito/research
,Mary,Quiroga,PhD,University of Michigan,RES,https://www.maryquiroga.com/research
,Alejandro,Rabano,PhD,Barcelona School of Economics,RES,https://sites.google.com/view/alejandrorabano/research
,Afonso,Rodrigues,PhD,University of Oxford,RES,https://sites.google.com/view/afonso-rodrigues/research
,R. Benjamin,Rodriguez,PhD,University of Maryland,RES,https://sites.google.com/umd.edu/rbenjaminrodriguez/research
,Vincent,Rollet,PhD,Massachusetts Institute of Technology,RES,https://www.vincent-rollet.com/research
,Hanjoon,Ryu,PhD,Duke University,RES,https://www.hanjoonryu.com/research
,Hannah,Römer,PhD,University of Oxford,RES,https://www.hannahroemer.com/research
,Anirudh,Sankar,PhD,Stanford University,RES,https://sites.google.com/view/anirudh-sankar/research_1
,Alexander,Sawyer,PhD,University of Pennsylvania,RES,https://sites.google.com/sas.upenn.edu/alexander-sawyer/research
,Ashley,Schwanebeck,PhD,University of Pennsylvania,RES,https://www.ashleyschwanebeck.com/research
,Clara,Schäper,PhD,Berlin School of Economics,RES,https://sites.google.com/view/clara-schaeper/research
,Dana,Scott,PhD,Yale University,RES,https://www.dana-scott.com/research
,Hema,Shah,PhD,Duke University,RES,https://www.hema-shah-econ.com/research
,Ziyang,Shen,PhD,Columbia University,RES,https://sites.google.com/view/ziyangshen/research
,Chenchuan,Shi,PhD,University of Oxford,RES,https://sites.google.com/view/chenchuan-shi/research
,Yifan,Shi,PhD,Columbia University,RES,https://www.yifan-shi.com/research
,Jaeyeon,Shin,PhD,"University of California, San Diego",RES,https://sites.google.com/ucsd.edu/jaeyeonshin/research
,Shuhua,Si,PhD,Columbia University,RES,https://sites.google.com/view/shuhuasi/research
,Giuliano,Simoncelli,PhD,University of Maryland,RES,https://sites.google.com/view/giulianosimoncelli/research
,Yasin,Simsek,PhD,Duke University,RES,https://yasin-simsek.github.io/research
,Andrew,Smith,PhD,University of Wisconsin-Madison,RES,https://www.jasmiths.com/research
,Scott,Sommers,PhD,University of Minnesota,RES,https://sites.google.com/view/scottsommers/research
,Caterina,Soto Vieira,PhD,London School of Economics,RES,https://www.caterinasotovieira.com/research
,Karthik Abhiramapuram,Sridhar,PhD,University of Oxford,RES,https://www.asknarayan.com/research
,Arseniy,Stolyarov,PhD,University of Wisconsin-Madison,RES,https://www.arseniystolyarov.com/research.html
,Maëlle,Stricot,PhD,Paris School of Economics,RES,https://sites.google.com/view/maelle-stricot/research
,Meng,Su,PhD,London School of Economics,RES,https://sites.google.com/view/mengsu/research
,Jeongsoo,Suh,PhD,Duke University,RES,https://www.jeongsoosuh.com/research
,Shreya,Tandon,PhD,Harvard University,RES,https://sites.google.com/view/shreya-tandon/research
,Anya,Tarascina,PhD,University of Wisconsin-Madison,RES,https://anyatarascina.com/research/
,Javier,Tasso,PhD,University of Pennsylvania,RES,https://javiertasso.github.io/research
,Adelson,Teh Ming Wei,PhD,Cornell University,RES,https://sites.google.com/view/adelson/research
,Tuyetanh,Tran,PhD,Yale University,RES,https://tuyetanhltran.github.io/research.html
,David,Van Dijcke,PhD,University of Michigan,RES,https://davidvandijcke.com/research
,Bruno,Veltri,PhD,Berlin School of Economics,RES,https://brunoveltri.github.io/research.html
,Bipul,Verma,PhD,University of Minnesota,RES,https://www.bipulverma.com/home-research
,Kartik,Vira,PhD,Massachusetts Institute of Technology,RES,https://www.kartikvira.com/research
,Germano,Wallerstein,PhD,University of Michigan,RES,https://sites.google.com/umich.edu/germano-wallerstein/research
,Eva,Wang,PhD,University of Michigan,RES,https://www.evawang.net/research
,Xizhao,Wang,PhD,Northwestern University,RES,https://sites.google.com/view/xizhaowang/research
,Sarah,Webb,PhD,University of Maryland,RES,https://sarah-webb-econ.github.io/research.html
,Giacomo,Weber,PhD,Paris School of Economics,RES,https://sites.google.com/view/giacomoweber/research
,Arthur,Wickard,PhD,Massachusetts Institute of Technology,RES,https://sites.google.com/view/arthurwickard/research
,Lukas,Wiedemann,PhD,London School of Economics,RES,https://sites.google.com/view/lukaswiedemann/research
,Sarah,Winton,PhD,London School of Economics,RES,https://www.sarah-winton.com/research
,Karen,Wu,PhD,University of Chicago,RES,https://karen-a-wu.com/research
,Nick,Wu,PhD,Yale University,RES,https://nwu.io/research/
,Yuyao,Wu,PhD,University of Michigan,RES,https://sites.google.com/umich.edu/yuyaowu/research
,Alexander,Wurdinger,PhD,University of Minnesota,RES,https://sites.google.com/view/alexwurdinger/research
,Lieyuan,Yang,PhD,University of Minnesota,RES,https://sites.google.com/umn.edu/lieyuanyang/research
,Meifeng,Yang,PhD,University of Michigan,RES,https://www.meifengyang.com/research
,Yu Hung,Yaow,PhD,University of Maryland,RES,https://sites.google.com/umd.edu/yaow/research
,Steven,Yee,PhD,"University of California, San Diego",RES,https://sites.google.com/view/stevenyee/research
,So Hye,Yoon,PhD,Princeton University,RES,https://www.sohyeyoon.com/research/
,Jonathan,Yu,PhD,University of Maryland,RES,https://sites.google.com/umd.edu/econ-jmc-jonathan-yu/research
,Simone,Zanella,PhD,Barcelona School of Economics,RES,https://sites.google.com/view/simonezanellacavallero/research
,Zhaocheng,Zhang,PhD,University of Cambridge,RES,https://zhaocheng-zhang.github.io/research
,Luke,Zhao,PhD,Duke University,RES,https://lukehzhao.github.io/research.html
,Yangfan,Zhou,PhD,Columbia University,RES,https://sites.google.com/view/yangfanzhou/research
,Andres,de Loera,PhD,Harvard University,RES,https://www.andresdeloera.com/research
,Alexander H.,von Hafften,PhD,University of Wisconsin-Madison,RES,https://vonhafften.github.io/research.html
,Panle Jia,Barwick,Professor,University of Wisconsin-Madison,HOME,https://panlebarwick.github.io/
,Panle Jia,Barwick,Professor,University of Wisconsin-Madison,PUB,https://panlebarwick.github.io/publications.html
,Siyu,Chen,Ass. Professor,Jinan University,HOME,https://sites.google.com/view/siyuchen-econ/home
,Chao,Fu,Professor,University of Wisconsin-Madison,HOME,https://users.ssc.wisc.edu/~cfu/
,Teng,Li,Professor,Sun Yat-sen University,HOME,https://www.teng-li.com/
,Raj,Chetty,Professor,Harvard University,HOME,https://rajchetty.com/
,David J,Deming,Professor,Harvard University,HOME,https://www.daviddeming.com/
,David J,Deming,Professor,Harvard University,RES,https://www.daviddeming.com/research
,John N,Friedman,Professor,Brown University,HOME,https://sites.google.com/brown.edu/johnnfriedman/home
,Sergio,Correia,Other,Federal Reserve Bank of Richmond,HOME,https://scorreia.com/
,Sergio,Correia,Other,Federal Reserve Bank of Richmond,RES,https://scorreia.com/research/
,Stephan,Luck,Other,Federal Reserve Bank of New York,HOME,https://sites.google.com/site/stephanluck/
,Stephan,Luck,Other,Federal Reserve Bank of New York,RES,https://sites.google.com/site/stephanluck/Home/research
,Emil,Verner,Professor,MIT Sloan,HOME,https://www.emilverner.com/
,Emil,Verner,Professor,MIT Sloan,RES,https://www.emilverner.com/research
,Natalie,Bau,Professor,UCLA,HOME,https://sites.google.com/site/nataliebau/
,Gaurav,Khanna,Ass. Professor,UC San Diego,HOME,https://www.econgaurav.com/
,Corinne,Low,Ass. Professor,University of Pennsylvania,HOME,https://www.corinnelow.com/
,Alessandra,Voena,Professor,Stanford University,HOME,https://avoena.people.stanford.edu/
,Murat,Iyigun,Professor,University of Colorado Boulder,HOME,https://spot.colorado.edu/~iyigun/
,Murat,Iyigun,Professor,University of Colorado Boulder,RES,https://spot.colorado.edu/~iyigun/research.html
,Jared,Rubin,Professor,Chapman University,HOME,https://www.jaredcrubin.com/
,Jared,Rubin,Professor,Chapman University,PUB,https://www.jaredcrubin.com/research
,Sydnee,Caldwell,Ass. Professor,UC Berkeley,HOME,https://www.sydneecaldwell.com/
,Ingrid,Haegele,Ass. Professor,LMU Munich,HOME,https://www.ingridhaegele.com/
,Nirupama L,Rao,Ass. Professor,University of Michigan,HOME,https://www.nirupamarao.org/
,Max,Risch,Ass. Professor,Carnegie Mellon University,HOME,https://www.maxrisch.com/
,Jack,Mountjoy,Ass. Professor,University of Chicago Booth,HOME,https://sites.google.com/site/jackmountjoyeconomics/
,Carolina,Arteaga,Ass. Professor,University of Toronto,HOME,https://www.carolinaarteaga.com/
,Victoria,Barone,Ass. Professor,University of Notre Dame,HOME,https://www.baronevictoria.com/
,Victoria,Barone,Ass. Professor,University of Notre Dame,RES,https://www.baronevictoria.com/research.html
,Ronan C,Lyons,Professor,Trinity College Dublin,HOME,https://www.ronanlyons.com/
,Allison,Shertzer,Other,Federal Reserve Bank of Philadelphia,HOME,https://www.allisonshertzer.com/
,Rowena,Gray,Ass. Professor,UC Merced,HOME,https://rowenagray.weebly.com/
,Silvana,Tenreyro,Professor,London School of Economics,HOME,https://personal.lse.ac.uk/tenreyro/
,Matthew,Baron,Ass. Professor,Cornell University,HOME,https://blogs.cornell.edu/baron/
,Matthew,Baron,Ass. Professor,Cornell University,RES,https://blogs.cornell.edu/baron/research
,Luc,Laeven,Professor,Tilburg University,HOME,https://sites.google.com/site/laevenl/home
,Julien,Penasse,Ass. Professor,University of Luxembourg,HOME,https://sites.google.com/view/jpenasse
,Yevhenii,Usenko,PhD,MIT Sloan,HOME,https://www.yevheniiusenko.me/
,Patrick A,Testa,Ass. Professor,Tulane University,HOME,https://www.patrickatesta.com
,Desmond,Ang,Ass. Professor,Harvard Kennedy School,HOME,https://ang.scholars.harvard.edu/
,Sahil,Chinoy,Post-Doc,Yale University,HOME,https://sahilchinoy.com/
,Elliott,Ash,Ass. Professor,ETH Zurich,HOME,https://elliottash.com/
,Daniel L,Chen,Other,Toulouse School of Economics,HOME,http://users.nber.org/~dlchen/
,Suresh,Naidu,Professor,Columbia University,HOME,https://www.columbia.edu/~sn2430/
,Allan,Hsiao,Ass. Professor,Stanford University,HOME,https://allanhsiao.com/
,Mira,Frick,Professor,Princeton University,HOME,https://sites.google.com/site/mirafrickecon/home
,Ryota,Iijima,Professor,Princeton University,HOME,https://sites.google.com/site/ryotaiijimaecon/home
,Ryota,Iijima,Professor,Princeton University,RES,https://sites.google.com/site/ryotaiijimaecon/papers
,Yuhta,Ishii,Ass. Professor,Pennsylvania State University,HOME,https://sites.google.com/site/yuhtaishiiswebsite/home
,Anton,Kolotilin,Professor,UNSW Sydney,HOME,https://www.kolotilin.com/
,Christopher,Clayton,Ass. Professor,Yale School of Management,HOME,https://www.christopherdclayton.com/
,Christopher,Clayton,Ass. Professor,Yale School of Management,RES,https://www.christopherdclayton.com/research
,Matteo,Maggiori,Professor,Stanford University,HOME,https://www.matteomaggiori.com/
,Matteo,Maggiori,Professor,Stanford University,RES,https://www.matteomaggiori.com/research
,Maarten,De Ridder,Ass. Professor,London School of Economics,HOME,https://www.maartenderidder.com/
,Maarten,De Ridder,Ass. Professor,London School of Economics,RES,https://www.maartenderidder.com/research.html
,Basile,Grassi,Ass. Professor,Bocconi University,HOME,https://sites.google.com/site/grassibasile/
,Basile,Grassi,Ass. Professor,Bocconi University,RES,https://sites.google.com/site/grassibasile/home/research
,Giovanni,Morzenti,Other,Analysis Group,HOME,https://sites.google.com/view/giovanni-morzenti
,Giovanni,Morzenti,Other,Analysis Group,RES,https://sites.google.com/view/giovanni-morzenti/research
,Vesa-Matti,Heikkuri,Ass. Professor,Tampere University,HOME,https://www.vesamattiheikkuri.com/
,Matthias,Schief,Other,OECD,HOME,https://matthiasschief.com/
,Wojciech,Olszewski,Professor,Northwestern University,HOME,https://sites.northwestern.edu/wol737/
,Wojciech,Olszewski,Professor,Northwestern University,RES,https://sites.northwestern.edu/wol737/research/
,Philip J.,Reny,Professor,University of Chicago,HOME,https://sites.google.com/site/philipjreny/
,Philip J.,Reny,Professor,University of Chicago,RES,https://sites.google.com/site/philipjreny/research
,Ron,Siegel,Professor,Pennsylvania State University,HOME,https://sites.google.com/site/ronsiegel/home
,Takanori,Ida,Professor,Kyoto University,HOME,https://www.econ.kyoto-u.ac.jp/~ida/Ida-English.htm
,Takunori,Ishihara,Ass. Professor,Kyoto University of Advanced Science,HOME,https://www.takunori-ishihara.com/
,Takunori,Ishihara,Ass. Professor,Kyoto University of Advanced Science,RES,https://www.takunori-ishihara.com/research/
,Koichiro,Ito,Professor,University of Chicago,HOME,https://koichiroito.com/
,Daido,Kido,Ass. Professor,Otaru University of Commerce,HOME,https://daido-kido.netlify.app/
,Toru,Kitagawa,Professor,Brown University,HOME,https://sites.google.com/brown.edu/torukitagawa
,Toru,Kitagawa,Professor,Brown University,PUB,https://sites.google.com/brown.edu/torukitagawa/home/publication
,Shosei,Sakaguchi,Ass. Professor,University of Tokyo,HOME,https://sites.google.com/view/shoseisakaguchi/home
,Shosei,Sakaguchi,Ass. Professor,University of Tokyo,RES,https://sites.google.com/view/shoseisakaguchi/research
,Shusaku,Sasaki,Professor,University of Osaka,HOME,https://ssasaki.weebly.com/
,Loren,Brandt,Professor,University of Toronto,HOME,https://brandt.economics.utoronto.ca/
,Johannes,Van Biesebroeck,Professor,KU Leuven,HOME,https://sites.google.com/view/jovb/
,Yifan,Zhang,Professor,Chinese University of Hong Kong,HOME,https://www.yifanzhang.net/
,Yifan,Zhang,Professor,Chinese University of Hong Kong,RES,https://www.yifanzhang.net/research
,Eduardo,Hidalgo,PhD,University of Cologne,HOME,https://eduardo-hidalgo.weebly.com/
,Erik,Hornung,Professor,University of Cologne,HOME,https://sites.google.com/site/hornungecon/
,Pablo,Selaya,Ass. Professor,University of Copenhagen,HOME,https://web.econ.ku.dk/pabloselaya/
,Ye,Yuan,Ass. Professor,Peking University,HOME,https://yuanye-econ.github.io/
,Marion,Richard,Post-Doc,Nova School of Business and Economics,HOME,https://sites.google.com/view/marionrichard/home
,Oliver,Vanden Eynde,Professor,Paris School of Economics,HOME,https://personal.lse.ac.uk/vandeney/
,Rafael,Parfitt,Ass. Professor,Mackenzie University,HOME,https://sites.google.com/view/rafaelparfitt
,Salomon,Garcia-Villegas,Other,Banco de Espana,HOME,https://www.salomongarcia.com/
,Rodrigo,Heresi,Other,Central Bank of Chile,HOME,https://sites.google.com/view/rodrigo-heresi/
,Maria,Bas,Professor,University of Paris 1 Pantheon-Sorbonne,HOME,https://sites.google.com/site/basmaria80/
,Pamela,Bombarda,Ass. Professor,CY Cergy-Paris Universite,HOME,https://sites.google.com/site/pamelabombarda/
,Kieran,Byrne,PhD,Queen Mary University of London,HOME,https://kbyrne-econ.github.io/
,Florence,Kondylis,Other,World Bank,HOME,https://sites.google.com/site/decrgkondylis/
,John,Loeser,Other,World Bank,HOME,https://johnloeser.github.io/
,Stefan,Nikolic,Ass. Professor,Loughborough University,HOME,https://sites.google.com/view/stefannikolic/home
,Lisa,Cameron,Professor,University of Melbourne,HOME,https://sites.google.com/view/lisa-a-cameron/home
,Diana,Contreras Suarez,Other,University of Melbourne,HOME,https://sites.google.com/site/dianacontreras1/
,Diahhadi,Setyonaluri,Ass. Professor,Universitas Indonesia,HOME,https://sites.google.com/view/diahhadisetyonaluri/home
,Martina,Jakob,Post-Doc,University of Zurich,HOME,https://martinajakob.net/
,Aymo,Brunetti,Professor,University of Bern,HOME,https://www.aymobrunetti.ch/
,Julio,Acuna,Ass. Professor,University of Mississippi,HOME,https://www.julioacuna.com/
,Natalia,Candelo,Ass. Professor,CUNY Queens College,HOME,https://sites.google.com/site/nataliacandelolondono/
,Jingping,Gu,Ass. Professor,University of Arkansas,HOME,https://jgu.hosted.uark.edu/
,Sherry Xin,Li,Professor,University of Arkansas,HOME,https://sites.google.com/view/sherryli
,Caique,Melo,PhD,Bocconi University,HOME,https://sites.google.com/view/caiquemelo
,Wouter,Gelade,Other,National Bank of Belgium,HOME,https://sites.google.com/view/woutergelade/home
,Laurence,Go,Post-Doc,IAE-CSIC,HOME,https://www.laurencego.com/
,Dean,Karlan,Professor,Northwestern University,HOME,https://deankarlan.com/
,Utsav,Manjeer,Other,Meta,HOME,https://utsavmanjeer.com/
,Christopher,Udry,Professor,Northwestern University,HOME,https://sites.northwestern.edu/christopherudry/
,Maria,Padilla-Romo,Ass. Professor,University of Tennessee,HOME,https://sites.google.com/site/mariaspadillaromo/
,Cecilia,Peluffo,Ass. Professor,University of Florida,HOME,https://sites.google.com/view/ceciliapeluffo
,Huiyi,Chen,Ass. Professor,James Madison University,HOME,https://www.hui-yi-chen.com/
,Diogo,Baerlocher,Ass. Professor,University of South Florida,HOME,https://diogobaerlocher.github.io/
,Rodrigo,Schneider,Ass. Professor,Skidmore College,HOME,https://sites.google.com/view/rodrigoaraujoschneider
,Ruixue,Jia,Professor,UC San Diego,HOME,https://www.ruixuejia.com/
,Hongbin,Li,Professor,Stanford University,HOME,https://lhongbin.people.stanford.edu/
,Yu,Qin,Professor,National University of Singapore,HOME,https://qinyurain.weebly.com/
,Jing,Wu,Professor,Tsinghua University,HOME,https://sites.google.com/view/jing-wu-tsinghua-university
,Joshua W.,Deutschmann,Other,University of Chicago,HOME,https://jwdeutschmann.com/
,Tanguy,Bernard,Professor,University of Bordeaux,HOME,https://sites.google.com/view/tanguybernard/home
,Justin Jihao,Hong,Ass. Professor,Hong Kong University of Science and Technology,HOME,https://www.hjihao.org/
,Ralph,De Haas,Other,EBRD,HOME,https://ralphdehaas.com/
,Juan Pablo,Rud,Professor,Royal Holloway University of London,HOME,https://sites.google.com/view/juanpablorud/
,Damien,de Walque,Other,World Bank,HOME,https://sites.google.com/site/decrgdamiendewalque/home
,Heather,Schofield,Ass. Professor,Cornell University,HOME,https://heatherschofield.net/
,Vincent,Somville,Professor,NHH Norwegian School of Economics,HOME,https://sites.google.com/view/vincentsomville/home
,Jessica,Leight,Other,IFPRI,HOME,https://www.jessicaleight.com/
,Abhishek,Kumar,Ass. Professor,University of Southampton,HOME,https://sites.google.com/view/abhishekkumar/home
,Sushanta,Mallick,Professor,Queen Mary University of London,HOME,https://skmallick.busman.qmul.ac.uk/
,Dilip,Abreu,Professor,New York University,HOME,https://sites.google.com/view/dilipabreu
,Mihai,Manea,Professor,Stony Brook University,HOME,https://sites.google.com/view/mihaimanea
,Regis,Renault,Professor,CY Cergy Paris Universite,HOME,https://sites.google.com/site/homepageofregisrenault/
,Yan,Bai,Professor,University of Rochester,HOME,https://sites.google.com/site/yanbai06/
,Jose-Victor,Rios-Rull,Professor,University of Pennsylvania,HOME,https://www.sas.upenn.edu/~vr0j/
,Francesco,Celentano,Ass. Professor,University of Lausanne,HOME,https://sites.google.com/view/fcelentano
,Mark,Rempel,Ass. Professor,University of Toronto,HOME,https://markrempel.org/
,Lars Peter,Hansen,Professor,University of Chicago,HOME,https://larspeterhansen.org/
,Fabio,Maccheroni,Professor,Universita Bocconi,HOME,https://sites.google.com/site/fabiomaccheroni/
,Massimo,Marinacci,Professor,Universita Bocconi,HOME,https://sites.google.com/view/massimomarinacci/home-page
,Federico,Echenique,Professor,UC Berkeley,HOME,https://eml.berkeley.edu/~fechenique/
,Gerelt,Tserenjigmid,Ass. Professor,UC Santa Cruz,HOME,https://sites.google.com/site/gereltecon/
,Faruk,Gul,Professor,Princeton University,HOME,http://www.princeton.edu/~fgul/
,Wolfgang,Pesendorfer,Professor,Princeton University,HOME,https://sites.google.com/view/wolfgang-pesendorfer/home
,Botond,Koszegi,Professor,University of Bonn,HOME,https://www.wiwi.uni-bonn.de/koszegi/
,Philipp,Strack,Professor,Yale University,HOME,https://philippstrack.com/
,Ronja,Helensdotter,Post-Doc,MIT Sloan,HOME,https://www.ronjahelensdotter.com/
,Christopher L,House,Professor,University of Michigan,HOME,https://websites.umich.edu/~chouse/
,Christian,Proebsting,Ass. Professor,KU Leuven,HOME,https://sites.google.com/site/proebstingchristian/home
,Linda L,Tesar,Professor,University of Michigan,HOME,https://sites.lsa.umich.edu/ltesar/
,Philippe,Jehiel,Professor,Paris School of Economics,HOME,https://philippe-jehiel.enpc.fr/
,Giacomo,Weber,Post-Doc,Universita Bocconi,HOME,https://sites.google.com/view/giacomoweber
,Matthias,Kehrig,Ass. Professor,Duke University,HOME,https://sites.google.com/site/matthiaskehrig/
,Nicolas,Vincent,Professor,HEC Montreal,HOME,https://sites.google.com/view/nicolasvincent/home
,Spencer Y,Kwon,Ass. Professor,Brown University,HOME,https://www.spencerkwon.me/
,Johnny,Tang,Other,Harvard University,HOME,https://www.johnnytang.me/
,Stephan,Lauermann,Professor,University of Bonn,HOME,https://sites.google.com/site/slauerma/
,Asher,Wolinsky,Professor,Northwestern University,HOME,https://sites.northwestern.edu/wolinsky/
,Danielle,Li,Professor,MIT Sloan,HOME,https://danielle-li.github.io/
,Lindsey,Raymond,Post-Doc,Microsoft Research,HOME,https://www.lindseyrraymond.com/
,Harry,Pei,Ass. Professor,Northwestern University,HOME,https://sites.northwestern.edu/harrypei/
,Nancy,Qian,Professor,Northwestern University,HOME,https://nancyqian.org/
,Yuval,Salant,Professor,Northwestern University,HOME,https://www.kellogg.northwestern.edu/faculty/salant/personal/index.html
,Jorg L,Spenkuch,Ass. Professor,Northwestern University,HOME,https://jspenkuch.github.io/
,Ran,Spiegler,Professor,Tel Aviv University,HOME,https://www.ranspiegler.sites.tau.ac.il/
,Mathieu,Taschereau-Dumouchel,Ass. Professor,Cornell University,HOME,https://www.mathtd.info/
,Olivier,Coibion,Professor,University of Texas at Austin,HOME,https://sites.google.com/site/ocoibion/
,Olivier,Coibion,Professor,University of Texas at Austin,RES,https://sites.google.com/site/ocoibion/research
,Yuriy,Gorodnichenko,Professor,University of California Berkeley,HOME,https://eml.berkeley.edu/~ygorodni/
,Georgy,Egorov,Professor,Northwestern University,HOME,https://www.kellogg.northwestern.edu/faculty/egorov/main.html
,Sergei,Guriev,Professor,London Business School,HOME,https://sites.google.com/site/sguriev/
,Ekaterina,Zhuravskaya,Professor,Paris School of Economics,HOME,https://www.parisschoolofeconomics.com/zhuravskaya-ekaterina/
,Oriana,Bandiera,Professor,London School of Economics,HOME,https://orianabandiera.github.io/
,Niklas,Buehren,Other,World Bank,HOME,https://www.niklasbuehren.com/
,Imran,Rasul,Professor,University College London,HOME,https://www.imranrasul.com/
,Andrea,Smurra,Post-Doc,London School of Economics,HOME,https://www.andreasmurra.com/
,Andrea,Smurra,Post-Doc,London School of Economics,RES,https://www.andreasmurra.com/research
,Hsin-Tien,Tsai,Ass. Professor,National University of Singapore,HOME,https://sites.google.com/view/tsaihsintien/
,Bjorn,Brey,Ass. Professor,Norwegian School of Economics,HOME,https://sites.google.com/view/bjoernbrey/home
,Jake,Bradley,Ass. Professor,University of Nottingham,HOME,https://jakebradley.webflow.io/
,Axel,Gottfries,Ass. Professor,University of Edinburgh,HOME,https://sites.google.com/site/axelgottfries/
,Andre,Groeger,Ass. Professor,Universitat Autonoma de Barcelona,HOME,https://sites.google.com/site/andregroeger/
,Andre,Groeger,Ass. Professor,Universitat Autonoma de Barcelona,RES,https://sites.google.com/site/andregroeger/research
,Yanos,Zylberberg,Professor,University of Bristol,HOME,https://sites.google.com/site/yanoszylberberg/
,Fabian,Kosse,Professor,University of Wurzburg,HOME,https://sites.google.com/site/fabiankosse
,Fabian,Kosse,Professor,University of Wurzburg,PUB,https://sites.google.com/site/fabiankosse/research/publications
,Michela,Tincani,Ass. Professor,University College London,HOME,https://sites.google.com/site/mtincani/home
,Hamid,Firooz,Ass. Professor,North Carolina State University,HOME,https://sites.google.com/view/hamidfirooz/home
,Gunnar,Heins,Ass. Professor,University of Florida,HOME,https://sites.google.com/site/gunnarheins/
715,Abhishek,Kumar,,,PUB,https://sites.google.com/view/abhishekkumar/publications
715,Abhishek,Kumar,,,RES,https://sites.google.com/view/abhishekkumar/current-research
347,Alexia,Olaizola,,,RES,https://www.alexiaolaizola.com/research
620,Alessandra,Voena,,,RES,https://avoena.people.stanford.edu/research
631,Allison,Shertzer,,,RES,https://www.allisonshertzer.com/research/
686,Aymo,Brunetti,,,RES,https://www.aymobrunetti.ch/research/
762,Bjorn,Brey,,,RES,https://sites.google.com/view/bjoernbrey/research
731,Botond,Koszegi,,,PUB,https://www.wiwi.uni-bonn.de/koszegi/peer.html
731,Botond,Koszegi,,,PUB,https://www.wiwi.uni-bonn.de/koszegi/other_pub.html
691,Caique,Melo,,,RES,https://sites.google.com/view/caiquemelo/research
628,Carolina,Arteaga,,,RES,https://www.carolinaarteaga.com/research
609,Chao,Fu,,,RES,https://users.ssc.wisc.edu/~cfu/research.html
735,Christian,Proebsting,,,RES,https://sites.google.com/site/proebstingchristian/research
532,Christina,Shin,,,RES,https://sites.google.com/view/christinashin/jmp
532,Christina,Shin,,,RES,https://sites.google.com/view/christinashin/paper
396,Christopher,Sims,,,RES,https://sites.google.com/view/cwasims/research
696,Christopher,Udry,,,RES,https://sites.northwestern.edu/christopherudry/research/
619,Corinne,Low,,,RES,https://www.corinnelow.com/research
661,Daido,Kido,,,WP,https://daido-kido.netlify.app/research/working-paper
661,Daido,Kido,,,PUB,https://daido-kido.netlify.app/research/publication
711,Damien,de Walque,,,PUB,https://sites.google.com/site/decrgdamiendewalque/publications
711,Damien,de Walque,,,WP,https://sites.google.com/site/decrgdamiendewalque/working-papers
744,Danielle,Li,,,RES,https://danielle-li.github.io/research/
684,Diahhadi,Setyonaluri,,,RES,https://sites.google.com/view/diahhadisetyonaluri/research
683,Diana,Contreras Suarez,,,RES,https://sites.google.com/site/dianacontreras1/academic-research
683,Diana,Contreras Suarez,,,RES,https://sites.google.com/site/dianacontreras1/policy-research
667,Eduardo,Hidalgo,,,RES,https://eduardo-hidalgo.weebly.com/research.html
756,Ekaterina,Zhuravskaya,,,RES,https://www.parisschoolofeconomics.com/zhuravskaya-ekaterina/body/page2.html
725,Fabio,Maccheroni,,,PUB,https://sites.google.com/site/fabiomaccheroni/home/papers
725,Fabio,Maccheroni,,,WP,https://sites.google.com/site/fabiomaccheroni/home/manuscripts
727,Federico,Echenique,,,WP,https://eml.berkeley.edu/~fechenique/wp/index.html
727,Federico,Echenique,,,PUB,https://eml.berkeley.edu/~fechenique/published/index.html
679,Florence,Kondylis,,,RES,https://sites.google.com/site/decrgkondylis/publications
538,Francesco,Billari,,,RES,https://sites.google.com/cornell.edu/francescobillari/research
722,Francesco,Celentano,,,RES,https://sites.google.com/view/fcelentano/research
769,Hamid,Firooz,,,RES,https://sites.google.com/view/hamidfirooz/research
746,Harry,Pei,,,RES,https://sites.northwestern.edu/harrypei/research/
712,Heather,Schofield,,,RES,https://heatherschofield.net/research/
703,Hongbin,Li,,,PUB,https://lhongbin.people.stanford.edu/publications-0
703,Hongbin,Li,,,WP,https://lhongbin.people.stanford.edu/working-papers
694,Dean,Karlan,,,PUB,https://deankarlan.com/publications
549,David,Titus,,,RES,https://davidwdtitus.github.io/davidtitus/Research.html
761,Hsin-Tien,Tsai,,,RES,https://sites.google.com/view/tsaihsintien/research
699,Huiyi,Chen,,,RES,https://www.hui-yi-chen.com/research
759,Imran,Rasul,,,PUB,https://www.imranrasul.com/publications
759,Imran,Rasul,,,WP,https://www.imranrasul.com/working-papers
245,Jerome,Simons,,,RES,https://www.jeromesimons.com/res
714,Jessica,Leight,,,RES,https://www.jessicaleight.com/research.html
689,Jingping,Gu,,,RES,https://jgu.hosted.uark.edu/research.htm
666,Johannes,Van Biesebroeck,,,RES,https://sites.google.com/view/jovb/research
613,John N,Friedman,,,RES,https://sites.google.com/brown.edu/johnnfriedman/research
749,Jorg L,Spenkuch,,,PUB,https://jspenkuch.github.io/publications/
749,Jorg L,Spenkuch,,,WP,https://jspenkuch.github.io/working_papers/
721,Jose-Victor,Rios-Rull,,,RES,https://www.sas.upenn.edu/~vr0j/research.html
710,Juan Pablo,Rud,,,RES,https://sites.google.com/view/juanpablorud/research
636,Julien,Penasse,,,RES,https://sites.google.com/view/jpenasse/research
687,Julio,Acuna,,,RES,https://www.julioacuna.com/research
368,Kan,Yao,,,RES,https://kan-yao.com/research/
724,Lars Peter,Hansen,,,RES,https://larspeterhansen.org/research/
724,Lars Peter,Hansen,,,PUB,https://larspeterhansen.org/research/papers/
693,Laurence,Go,,,PUB,https://www.laurencego.com/publications
254,Lidia,Smitkova,,,RES,https://lidiasmitkova.com/?page_id=45
682,Lisa,Cameron,,,RES,https://sites.google.com/view/lisa-a-cameron/research-papers-and-briefs
682,Lisa,Cameron,,,PUB,https://sites.google.com/view/lisa-a-cameron/policy-papers-and-commentary
635,Luc,Laeven,,,RES,https://sites.google.com/site/laevenl/research
389,Ludovica,Mosillo,,,RES,https://ludovicamosillo.github.io/research/
676,Maria,Bas,,,RES,https://sites.google.com/site/basmaria80/research
697,Maria,Padilla-Romo,,,RES,https://sites.google.com/site/mariaspadillaromo/research
671,Marion,Richard,,,RES,https://sites.google.com/view/marionrichard/research
207,Mark,Bamba,,,RES,https://www.markbamba.com/research
723,Mark,Rempel,,,RES,https://markrempel.org/latest-research/
726,Massimo,Marinacci,,,PUB,https://sites.google.com/view/massimomarinacci/publications
726,Massimo,Marinacci,,,WP,https://sites.google.com/view/massimomarinacci/working-papers
738,Matthias,Kehrig,,,RES,https://sites.google.com/site/matthiaskehrig/research
654,Matthias,Schief,,,PUB,https://matthiasschief.com/publications.html
654,Matthias,Schief,,,WP,https://matthiasschief.com/work-in-progress.html
560,Matt,Schaelling,,,RES,https://www.mattschaelling.com/research/
626,Max,Risch,,,RES,https://www.maxrisch.com/research
768,Michela,Tincani,,,RES,https://sites.google.com/site/mtincani/home/research
688,Natalia,Candelo,,,PUB,https://sites.google.com/view/nataliacandelolondono/publications
688,Natalia,Candelo,,,WP,https://sites.google.com/view/nataliacandelolondono/research-in-progress
758,Niklas,Buehren,,,PUB,https://www.niklasbuehren.com/publications
758,Niklas,Buehren,,,WP,https://www.niklasbuehren.com/work-in-progress
747,Nancy,Qian,,,RES,https://nancyqian.org/research-cv
665,Loren,Brandt,,,RES,https://brandt.economics.utoronto.ca/research/
672,Oliver,Vanden Eynde,,,RES,https://personal.lse.ac.uk/vandeney/research.html
757,Oriana,Bandiera,,,PUB,https://orianabandiera.github.io/papers.html
669,Pablo,Selaya,,,PUB,https://web.econ.ku.dk/pabloselaya/publications.htm
669,Pablo,Selaya,,,RES,https://web.econ.ku.dk/pabloselaya/research.htm
677,Pamela,Bombarda,,,RES,https://sites.google.com/site/pamelabombarda/research
638,Patrick A,Testa,,,RES,https://www.patrickatesta.com/research
732,Philipp,Strack,,,RES,https://philippstrack.com/?tab=research
611,Raj,Chetty,,,PUB,https://rajchetty.com/publications/
673,Rafael,Parfitt,,,RES,https://sites.google.com/view/rafaelparfitt/research
709,Ralph,De Haas,,,PUB,https://ralphdehaas.com/publications/
709,Ralph,De Haas,,,WP,https://ralphdehaas.com/working-papers/
750,Ran,Spiegler,,,PUB,https://www.ranspiegler.sites.tau.ac.il/papers
675,Rodrigo,Heresi,,,RES,https://sites.google.com/view/rodrigo-heresi/research
701,Rodrigo,Schneider,,,RES,https://sites.google.com/view/rodrigoaraujoschneider/research
630,Ronan C,Lyons,,,RES,https://www.ronanlyons.com/research
733,Ronja,Helensdotter,,,WP,https://www.ronjahelensdotter.com/working-papers
702,Ruixue,Jia,,,PUB,https://www.ruixuejia.com/publications.html
702,Ruixue,Jia,,,WP,https://www.ruixuejia.com/working-papers.html
625,Nirupama L,Rao,,,RES,https://www.nirupamarao.org/research
674,Salomon,Garcia-Villegas,,,RES,https://www.salomongarcia.com/research-1
755,Sergei,Guriev,,,RES,https://sites.google.com/site/sguriev/research
633,Silvana,Tenreyro,,,RES,https://personal.lse.ac.uk/tenreyro/LGW.html
623,Sydnee,Caldwell,,,RES,https://www.sydneecaldwell.com/research
610,Teng,Li,,,RES,https://www.teng-li.com/research-1
713,Vincent,Somville,,,PUB,https://sites.google.com/view/vincentsomville/publications-and-wps
720,Yan,Bai,,,RES,https://sites.google.com/site/yanbai06/research
637,Yevhenii,Usenko,,,RES,https://www.yevheniiusenko.me/research.html
692,Wouter,Gelade,,,RES,https://sites.google.com/view/woutergelade/research-economics
695,Utsav,Manjeer,,,RES,https://utsavmanjeer.com/research/
681,Stefan,Nikolic,,,RES,https://sites.google.com/view/stefannikolic/research
192,Yuanhang,Yu,,,RES,https://sites.google.com/view/yuanhang-leo-yu/research
717,Dilip,Abreu,,,RES,https://sites.google.com/view/dilipabreu/research
131,John,Leahy,,,HOME,https://sites.google.com/umich.edu/johnleahy/home
718,Mihai,Manea,,,RES,https://sites.google.com/view/mihaimanea/research
154,Peter Hans,Matthews,,,RES,https://sites.google.com/middlebury.edu/peter-hans-matthews/research
146,Lukas,Menkhoff,,,RES,https://sites.google.com/view/lukas-menkhoff/research
71,Thomas,Mertens,,,WP,https://sites.google.com/site/thomasmichaelmertens/working-papers
71,Thomas,Mertens,,,PUB,https://sites.google.com/site/thomasmichaelmertens/published-papers
74,Pascual,Restrepo,,,RES,https://campuspress.yale.edu/pascualrestrepo/research/
74,Pascual,Restrepo,,,WP,https://campuspress.yale.edu/pascualrestrepo/work-in-progress/
68,P.,Rosenbaum,,,RES,https://sites.google.com/site/philrosenbaum/research
138,Jens,Ruhose,,,PUB,https://sites.google.com/site/jensruhose/publications
130,Luca,Sala,,,PUB,https://sites.google.com/view/luca-sala/publications
130,Luca,Sala,,,WP,https://sites.google.com/view/luca-sala/working-papers
111,Ingrid,Semb,,,RES,https://sites.google.com/view/ingrid-mikkelsen-semb/research
103,Maria,Silfa,,,RES,https://www.mariasilfa.com/research
52,L.,Stella,,,RES,https://www.lucastella.eu/research.html
129,Lars,Svensson,,,RES,https://larseosvensson.se/research/
118,Joris,Tielens,,,RES,https://sites.google.com/view/joris-tielens/research
116,Antonella,Trigari,,,RES,https://sites.google.com/view/antonellatrigari/research
728,Gerelt,Tserenjigmid,,,RES,https://sites.google.com/site/gereltecon/research
81,Laurence,van Lent,,,PUB,https://sites.google.com/view/laurence-van-lent/publications
81,Laurence,van Lent,,,WP,https://sites.google.com/view/laurence-van-lent/working-papers
47,S.,Voss,,,PUB,https://sites.google.com/view/simonvoss/research/published-papers
47,S.,Voss,,,WP,https://sites.google.com/view/simonvoss/research/working-papers
188,Peter,Ward-Griffin,,,HOME,https://sites.google.com/view/peterwardgriffin/bio
49,L.,Wren-Lewis,,,PUB,https://sites.google.com/site/liamwrenlewis/publications
104,Hye Young,You,,,RES,https://hyeyoungyou.com/research
57,M.,Zanardi,,,PUB,https://sites.google.com/view/mauriziozanardi/publications
57,M.,Zanardi,,,WP,https://sites.google.com/view/mauriziozanardi/ongoing-research
75,Tony,Zhang,,,RES,https://sites.google.com/view/tzhang0/academic-research
75,Tony,Zhang,,,PUB,https://sites.google.com/view/tzhang0/policy-writing
814,,Holz,Ass. Professor,University of Michigan Ford School of Public Policy,HOME,https://www.justinholz.com/
814,,Holz,Ass. Professor,University of Michigan Ford School of Public Policy,RES,https://www.justinholz.com/research
840,,Mogstad,Professor,University of Chicago,HOME,https://sites.google.com/site/magnemogstad/
840,,Mogstad,Professor,University of Chicago,PUB,https://sites.google.com/site/magnemogstad/home/publications
1411,Martin,A. Rossi,Professor,Universidad de San Andrés,HOME,https://sites.google.com/a/udesa.edu.ar/mrossi/
1411,Martin,A. Rossi,Professor,Universidad de San Andrés,PUB,https://sites.google.com/a/udesa.edu.ar/mrossi/research
2026,Jeffery,A. Jenkins,Professor,University of Southern California,HOME,https://sites.usc.edu/jajenkins/
2304,John,A. List,Professor,University of Chicago,HOME,https://voices.uchicago.edu/jlist/
2304,John,A. List,Professor,University of Chicago,RES,https://voices.uchicago.edu/jlist/research/
3400,Farida,Abdelsalam,PhD,Université Paris 1 Panthéon Sorbonne,HOME,https://sites.google.com/view/farida-abdelsalam
3418,Marion,A.J. Richard,Post-Doc,Nova School of Business and Economics,HOME,https://sites.google.com/view/marionrichard/
3418,Marion,A.J. Richard,Post-Doc,Nova School of Business and Economics,PUB,https://sites.google.com/view/marionrichard/research
3538,Matthew,A. Turner,Professor,Brown University,HOME,https://matthewturner.org/
3538,Matthew,A. Turner,Professor,Brown University,PUB,https://matthewturner.org/research.htm
3717,Jorge,Abad,Other,Banco de España,HOME,https://jorge-abad.github.io/
3971,Mary,A. Kroeger,Ass. Professor,University of North Carolina at Chapel Hill,HOME,https://mkroeger.github.io/
